0,-5.46619,-56.1727,290.54,346.355,506.878,165.709,20.69,0.809999,5.07
1,-2.7331,-50.6475,292.571,350.036,505.335,161.934,-64.31,41.81,28.07
2,-7.28826,-58.9353,298.667,353.596,500.856,162.123,-129.31,12.81,-1.93
3,-5.46619,-59.8561,299.683,352.778,503.677,160.085,-188.31,4.81,-47.93
4,-2.7331,-32.2302,297.651,353.563,501.171,153.44,-475.31,-78.19,223.07
5,-8.19929,-77.3525,283.429,354.479,500.144,157.338,149.69,-18.19,93.07
6,-9.11032,-89.3237,312.889,359.276,501.129,162.145,434.69,-26.19,100.07
7,1.82206,-50.6475,290.54,354.508,499.865,165.056,283.69,7.81,167.07
8,-5.46619,-56.1727,299.683,352.565,498.877,164.119,183.69,4.81,98.07
9,-3.64413,-53.4101,295.619,359.283,501.059,164.074,1.69,-35.19,-15.93
10,0.911032,-43.2806,295.619,359.367,502.993,162.075,-61.31,-32.19,-71.93
11,-7.28826,-66.3022,293.587,360.987,497.491,162.291,-253.31,-84.19,171.07
12,-5.46619,-51.5683,295.619,354.266,495.344,161.371,-75.31,-35.19,61.07
13,-0.911032,-50.6475,292.571,361.878,496.709,159.436,-23.31,-37.19,118.07
14,-5.46619,-68.1439,294.603,360.946,496.524,163.291,122.69,-39.19,359.07
15,-20.9537,-63.5396,288.508,361.752,493.808,162.435,263.69,-188.19,226.07
16,0,-34.9928,296.635,361.801,494.705,163.365,555.69,76.81,-176.93
17,-6.37722,-51.5683,299.683,360.733,491.724,167.325,194.69,35.81,16.07
18,1.82206,-37.7554,287.492,356.135,494.293,167.202,-520.31,40.81,-25.93
19,-8.19929,-68.1439,290.54,360.98,497.561,160.362,-823.31,285.81,17.07
20,-9.11032,-71.8273,325.079,369.451,497.073,159.464,-618.31,270.81,-167.93
21,-5.46619,-54.3309,273.27,369.441,497.178,156.57,-533.31,37.81,-254.93
22,-8.19929,-68.1439,293.587,364.868,500.889,150.623,-472.31,103.81,-98.93
23,-8.19929,-65.3813,288.508,365.615,497.38,145.943,-213.31,38.81,-53.93
24,-8.19929,-66.3022,291.556,366.768,500.91,152.56,-29.31,13.81,1.07
25,-9.11032,-64.4604,290.54,363.823,499.049,148.76,-115.31,31.81,-17.93
26,-5.46619,-68.1439,289.524,362.967,500.868,148.687,-410.31,68.81,-153.93
27,-8.19929,-64.4604,292.571,366.641,499.395,142.982,-477.31,46.81,142.07
28,-16.3986,-72.7482,288.508,377.002,499.033,141.127,-234.31,-52.19,-4.93
29,-12.7544,-91.1655,279.365,375.162,499.804,143.014,-118.31,-61.19,-1.93
30,-8.19929,-73.6691,291.556,368.402,496.654,144.059,247.69,-19.19,13.07
31,-5.46619,-74.5899,291.556,373.003,494.05,145.146,165.69,-31.19,25.07
32,19.1317,-23.9424,300.698,367.553,498.403,145.915,149.69,-54.19,-12.93
33,-8.19929,-79.1942,281.397,367.599,499.336,145.88,100.69,-69.19,64.07
34,-7.28826,-73.6691,294.603,366.509,496.564,144.052,81.69,-26.19,24.07
35,-13.6655,-54.3309,290.54,374.896,494.141,145.153,233.69,-61.19,60.07
36,-7.28826,-69.9856,291.556,372.161,495.729,148.932,60.69,-29.19,10.07
37,10.9324,-67.223,289.524,366.425,494.629,146.051,125.69,-140.19,59.07
38,-21.8648,-74.5899,284.444,373.121,497.021,140.217,7.69,-114.19,101.07
39,0.911032,-48.8058,317.968,376.957,498.101,141.162,-276.31,-42.19,-225.93
40,-11.8434,-81.036,286.476,370.487,501.755,134.243,-389.31,-112.19,-75.93
41,-3.64413,-79.1942,281.397,374.176,500.143,132.398,-405.31,-67.19,-5.93
42,-1.82206,-65.3813,278.349,375.086,500.538,122.753,-504.31,7.81,45.07
43,0.911032,-62.6187,300.698,379.742,500.147,114.123,-471.31,-51.19,-48.93
44,-20.0427,-90.2446,294.603,372.307,503.931,102.377,-2206.31,125.81,-547.93
45,21.8648,-94.8489,259.048,384.333,500.386,88.1258,-949.31,-55.19,95.07
46,-8.19929,-91.1655,277.333,384.519,504.079,88.9509,-643.31,-37.19,160.07
47,-1.82206,-94.8489,278.349,382.615,504.093,86.0493,-236.31,-49.19,52.07
48,-5.46619,-100.374,275.302,378.639,500.253,84.2451,-14.31,-7.19,-7.93
49,-4.55516,-98.5324,276.317,380.578,501.276,84.2173,12.69,-8.19,-7.93
50,-3.64413,-98.5324,276.317,383.516,503.206,86.0878,33.69,2.81,0.0699997
51,0.911032,-95.7698,272.254,389.185,503.584,83.2149,21.69,24.81,9.07
52,-2.7331,-100.374,277.333,379.024,507.5,89.7545,-13.31,56.81,20.07
53,14.5765,-85.6403,276.317,386.538,507.071,85.9589,120.69,24.81,57.07
54,-6.37722,-107.741,275.302,383.506,501.925,95.7709,120.69,45.81,55.07
55,5.46619,-102.216,245.841,382.623,502.637,100.556,2955.69,-491.19,-17.93
56,-13.6655,-95.7698,312.889,369.271,496.082,135.414,3131.69,86.81,457.07
57,-5.46619,-57.0935,331.175,370.219,494.741,147.995,2309.69,183.81,252.07
58,-12.7544,-69.0648,338.286,371.273,497.863,140.175,-1207.31,-32.19,-68.93
59,-10.9324,-62.6187,283.429,374.036,497.381,131.538,-846.31,44.81,-267.93
60,-1.82206,-68.1439,276.317,374.944,496.425,133.506,389.69,-9.19,82.07
61,-9.11032,-69.0648,294.603,373.208,498.921,139.183,467.69,-5.19,80.07
62,-3.64413,-58.0144,294.603,367.657,501.514,137.127,-351.31,46.81,26.07
63,-7.28826,-72.7482,284.444,369.358,497.981,134.379,-296.31,69.81,-4.93
64,-6.37722,-77.3525,290.54,373.194,499.06,135.323,-139.31,34.81,16.07
65,10.0214,-23.9424,259.048,374.142,497.72,147.904,568.69,17.81,221.07
66,-7.28826,-73.6691,279.365,360.632,488.578,177.078,2154.69,126.81,140.07
67,-11.8434,-56.1727,280.381,349.483,490.095,197.191,2799.69,231.81,0.0699997
68,-6.37722,-38.6763,308.825,335.156,483.774,224.327,2693.69,301.81,-27.93
69,-7.28826,-34.9928,318.984,327.604,483.201,230.087,1345.69,136.81,-90.93
70,-20.9537,8.28777,303.746,313.52,484.139,236.717,899.69,-3.19,-192.93
71,-7.28826,-16.5755,303.746,311.746,485.633,244.358,1069.69,-83.19,-99.93
72,-8.19929,11.0504,308.825,305.175,486.142,247.193,735.69,-104.19,-68.93
73,-4.55516,3.68345,303.746,299.555,486.662,250.995,501.69,-99.19,-51.93
74,-5.46619,0,292.571,298.475,483.785,252.061,597.69,-111.19,-77.93
75,-23.6868,55.2518,305.778,289.228,488.061,249.921,336.69,-75.19,-387.93
76,-14.5765,5.52518,303.746,282.825,492.438,248.757,-176.31,-7.19,-273.93
77,-15.4875,8.28777,304.762,285.795,495.441,246.733,-133.31,-28.19,1.07
78,-12.7544,2.76259,305.778,287.594,493.703,245.845,-399.31,-215.19,-98.93
79,-4.55516,5.52518,306.794,295.275,497.142,238.051,-514.31,-132.19,-188.93
80,-9.11032,-2.76259,301.714,289.584,496.974,235.135,-611.31,-99.19,-125.93
81,-1.82206,3.68345,303.746,296.042,494.81,226.581,-399.31,-138.19,-96.93
82,-3.64413,0,296.635,295.27,498.563,224.508,-374.31,-114.19,-54.93
83,-2.7331,-0.920863,298.667,297.338,502.453,222.446,-221.31,-84.19,242.07
84,-3.64413,-3.68345,298.667,298.141,499.772,220.625,-12.31,-86.19,209.07
85,-2.7331,0.920863,300.698,305.631,498.201,222.653,230.69,-92.19,183.07
86,-3.64413,-5.52518,300.698,304.552,495.324,223.719,58.69,-2.19,134.07
87,-2.7331,-5.52518,303.746,302.556,493.474,220.888,35.69,35.81,119.07
88,-4.55516,-2.76259,309.841,301.711,495.188,223.708,13.69,4.81,91.07
89,-9.11032,-3.68345,294.603,304.408,492.598,221.894,113.69,-21.19,213.07
90,-1.82206,1.84173,307.81,310.008,490.901,224.88,-33.31,12.81,268.07
91,-7.28826,-4.60432,302.73,316.404,486.594,224.115,-16.31,11.81,243.07
92,-12.7544,-1.84173,301.714,317.232,483.668,229.048,94.69,38.81,316.07
93,-5.46619,0.920863,297.651,326.598,482.363,226.259,110.69,28.81,554.07
94,0.911032,1.84173,302.73,326.552,481.431,226.294,-39.31,34.81,316.07
95,-7.28826,0.920863,303.746,329.214,477.804,227.409,-138.31,21.81,200.07
96,-15.4875,-5.52518,297.651,337.731,478.248,226.477,-189.31,65.81,310.07
97,-1.82206,2.76259,315.937,341.252,472.767,228.63,-127.31,106.81,514.07
98,-11.8434,-6.44604,305.778,352.165,463.921,230.952,236.69,44.81,686.07
99,-2.7331,-2.76259,301.714,351.948,459.155,234.021,255.69,88.81,640.07
100,-1.82206,-10.1295,293.587,358.26,452.914,235.256,472.69,-114.19,626.07
101,2.7331,-4.60432,295.619,360.88,448.319,237.371,663.69,-69.19,750.07
102,-3.64413,6.44604,302.73,368.922,438.265,243.576,327.69,66.81,719.07
103,-10.0214,14.7338,327.111,376.356,435.867,242.745,-534.31,390.81,570.07
104,-4.55516,19.3381,311.873,384.494,428.994,238.233,-1162.31,712.81,162.07
105,-10.0214,5.52518,292.571,401.977,421.025,225.143,-1345.31,590.81,70.07
106,-21.8648,-22.1007,307.81,397.236,420.868,223.195,-955.31,362.81,154.07
107,-31.8861,-49.7266,296.635,416.557,410.776,219.83,-558.31,534.81,558.07
108,-34.6192,-63.5396,306.794,412.679,408.73,219.886,-761.31,497.81,447.07
109,-40.9964,-58.0144,318.984,429.903,395.029,210.865,-622.31,539.81,689.07
110,-36.4413,-42.3597,306.794,434.064,382.963,216.161,-833.31,740.81,640.07
111,-36.4413,-23.9424,314.921,444.863,373.849,200.187,-1373.31,826.81,376.07
112,-36.4413,-21.1799,308.825,445.343,366.064,185.068,-1587.31,780.81,223.07
113,-42.8185,-46.964,298.667,450.544,357.26,178.685,-1178.31,785.81,268.07
114,-54.6619,-68.1439,292.571,456.673,348.676,167.482,-1409.31,855.81,241.07
115,-68.3274,-80.1151,299.683,463.075,345.684,156.069,-1812.31,944.81,238.07
116,-60.1281,-62.6187,294.603,471.792,332.82,138.297,-1797.31,1042.81,377.07
117,-48.2847,-57.0935,269.206,474.376,328.576,130.764,-1647.31,933.81,358.07
118,-77.4377,-93.9281,282.413,478.587,320.145,112.8,-1219.31,718.81,472.07
119,-90.1922,-119.712,278.349,472.552,313.697,103.375,-1993.31,1038.81,238.07
120,-75.6157,-98.5324,264.127,477.761,307.56,74.732,-2507.31,1219.81,-31.93
121,-73.7936,-81.036,248.889,476.728,308.353,51.573,-2405.31,997.81,-261.93
122,-92.0142,-128.921,238.73,476.762,310.776,36.0662,-2440.31,929.81,-142.93
123,-99.3025,-128.921,231.619,473.472,304.021,13.1796,-2621.31,1038.81,177.07
124,-110.235,-151.022,225.524,462.829,301.633,-11.8401,-3006.31,1177.81,2.07
125,-109.324,-178.647,203.175,458.627,295.869,-37.6597,-3075.31,1178.81,54.07
126,-126.633,-171.281,203.175,452.037,297.939,-52.2268,-3100.31,1218.81,46.07
127,-120.256,-171.281,180.825,442.201,292.835,-78.1028,-3003.31,1384.81,-33.93
128,-91.1032,-129.842,148.317,430.042,297.673,-99.5499,-2994.31,1321.81,-68.93
129,-102.036,-128.921,126.984,423.46,299.674,-112.187,-2889.31,1174.81,-586.93
130,-119.345,-165.755,104.635,411.494,308.136,-130.88,-2402.31,936.81,-486.93
131,-118.434,-180.489,79.2381,399.109,306.927,-139.575,-2042.31,583.81,-283.93
132,-113.879,-182.331,73.1429,389.661,309.036,-158.977,-2083.31,423.81,-338.93
133,-133.011,-260.604,46.7302,385.842,309.168,-167.674,-2176.31,528.81,-179.93
134,-114.79,-197.986,44.6984,368.922,312.672,-184.28,-2401.31,613.81,-384.93
135,-89.2811,-169.439,3.04762,363.287,314.718,-196.914,-2331.31,546.81,-598.93
136,-100.214,-199.827,-12.1905,352.848,314.462,-203.707,-1267.31,275.81,-247.93
137,-104.769,-194.302,-6.09524,351.516,307.169,-209.22,-737.31,5.81,-0.93
138,-112.968,-207.194,-1.01587,343.205,311.596,-214.251,-1005.31,7.81,-31.93
139,-108.413,-194.302,0,337.024,302.456,-226.466,-1155.31,55.81,-9.93
140,-113.879,-186.014,-3.04762,335.298,306.233,-230.472,-1134.31,-99.19,-60.93
141,-115.701,-188.777,-9.14286,329.222,298.817,-238.897,-919.31,-129.19,60.07
142,-105.68,-179.568,-17.2698,319.74,298.503,-242.792,-884.31,-137.19,74.07
143,-108.413,-184.173,-14.2222,320.386,293.235,-250.298,-685.31,-113.19,112.07
144,-112.968,-185.094,-11.1746,320.147,288.679,-253.017,-361.31,-58.19,103.07
145,-109.324,-175.885,-21.3333,317.447,291.304,-252.168,-274.31,42.81,-12.93
146,-106.591,-182.331,-22.3492,323.117,291.681,-255.041,-34.31,-5.19,-36.93
147,-104.769,-178.647,-14.2222,325.915,290.851,-254.031,221.69,13.81,-143.93
148,-102.036,-166.676,-13.2064,324.089,291.482,-248.284,361.69,-29.19,-268.93
149,-109.324,-181.41,-26.4127,318.629,295.94,-250.41,575.69,-2.19,-329.93
150,-104.769,-204.432,-18.2857,324.477,298.695,-241.81,970.69,-32.19,-225.93
151,-104.769,-219.165,-9.14286,329.323,300.577,-236.073,1015.69,-70.19,-148.93
152,-108.413,-230.216,-22.3492,338.906,302.651,-229.353,1017.69,-58.19,-89.93
153,-100.214,-201.669,2.03175,345.516,301.758,-221.575,977.69,-49.19,-119.93
154,-103.858,-174.043,24.381,351.183,300.784,-212.835,1247.69,-195.19,-177.93
155,-96.5694,-182.331,25.3968,371.163,302.147,-198.322,1866.69,-314.19,-102.93
156,-90.1922,-186.014,29.4603,371.297,303.592,-186.815,2224.69,-498.19,-93.93
157,-96.5694,-197.986,53.8413,384.846,308.225,-168.608,2447.69,-580.19,-262.93
158,-108.413,-226.532,70.0952,394.307,307.364,-157.924,2527.69,-547.19,-154.93
159,-105.68,-230.216,79.2381,405.122,313.585,-135.939,2273.69,-558.19,-145.93
160,-96.5694,-214.561,91.4286,415.258,305.79,-112.464,2547.69,-660.19,-42.93
161,-92.0142,-200.748,103.619,419.178,307.417,-100.942,2620.69,-709.19,-28.93
162,-93.8363,-180.489,135.111,428.766,308.07,-80.6801,2267.69,-683.19,-198.93
163,-92.9253,-159.309,163.556,426.253,313.002,-66.4284,2513.69,-732.19,-299.93
164,-86.548,-174.964,171.683,432.359,318.752,-37.7072,3032.69,-781.19,-241.93
165,-87.4591,-181.41,186.921,437.198,319.318,-21.3224,2988.69,-643.19,-253.93
166,-73.7936,-173.122,195.048,443.298,323.751,18.0466,3305.69,-671.19,-140.93
167,-77.4377,-168.518,213.333,437.803,323.048,55.6177,3641.69,-887.19,-15.93
168,-81.0818,-150.101,248.889,434.228,324.929,75.7595,3699.69,-955.19,-39.93
169,-73.7936,-163.914,260.064,428.737,324.191,114.295,3708.69,-935.19,111.07
170,-83.8149,-159.309,275.302,428.058,327.036,137.307,3569.69,-962.19,234.07
171,-79.2598,-128.921,280.381,412.924,323.431,165.299,3188.69,-967.19,259.07
172,-60.1281,-78.2734,290.54,412.091,323.654,183.592,3017.69,-1004.19,274.07
173,-51.0178,-58.0144,307.81,391.28,319.741,212.527,3576.69,-1118.19,423.07
174,-57.395,-42.3597,337.27,374.584,323.817,231.549,3423.69,-1068.19,356.07
175,-62.8612,-70.9065,336.254,358.44,319.41,254.749,2970.69,-967.19,249.07
176,-68.3274,-99.4532,311.873,322.353,311.903,285.661,3375.69,-938.19,657.07
177,-38.2633,13.813,316.952,316.758,312.178,296.217,3274.69,-685.19,460.07
178,-9.11032,78.2734,300.698,266.725,309.758,322.042,3596.69,-666.19,168.07
179,-10.9324,44.2014,298.667,245.945,308.304,334.506,4033.69,-700.19,414.07
180,-18.2206,89.3237,308.825,224.633,295.524,351.248,2598.69,-144.19,632.07
181,-17.3096,128.921,286.476,210.244,289.797,361.982,1681.69,351.81,460.07
182,-24.5979,123.396,294.603,200.561,284.577,365.015,148.69,228.81,212.07
183,-28.242,80.1151,290.54,188.978,277.949,378.689,502.69,49.81,293.07
184,-25.5089,79.1942,268.19,183.025,272.083,378.877,1682.69,-250.19,728.07
185,-22.7758,90.2446,262.095,158.72,276.145,388.222,1680.69,-440.19,581.07
186,-5.46619,102.216,265.143,146.098,268.994,389.385,1251.69,-304.19,466.07
187,-10.0214,127.079,289.524,130.018,268.081,393.183,1233.69,-168.19,596.07
188,-9.11032,149.18,292.571,123.322,265.689,399.017,1130.69,30.81,565.07
189,33.7082,147.338,268.19,105.157,261.062,400.053,1141.69,-13.19,404.07
190,10.0214,136.288,249.905,99.2599,256.024,403.101,1092.69,-275.19,299.07
191,-10.0214,136.288,263.111,81.5455,260.753,402.823,800.69,-188.19,181.07
192,-8.19929,148.259,263.111,66.2763,257.089,406.73,462.69,-49.19,126.07
193,-1.82206,139.971,260.064,59.5513,254.977,404.845,779.69,-1.19,300.07
194,3.64413,142.734,244.825,34.759,250.031,405.856,989.69,-74.19,483.07
195,0.911032,130.763,240.762,33.1312,255.603,403.71,643.69,-153.19,298.07
196,0,143.655,244.825,19.9612,256.901,401.66,564.69,-148.19,257.07
197,-4.55516,122.475,219.429,22.4412,249.545,402.915,542.69,-53.19,291.07
198,4.55516,129.842,212.317,14.2284,255.766,399.744,429.69,-144.19,329.07
199,5.46619,131.683,205.206,8.66666,258.464,394.794,318.69,-272.19,344.07
200,2.7331,145.496,216.381,4.82366,257.455,391.92,585.69,-325.19,505.07
201,15.4875,157.468,209.27,-5.52059,259.029,386.022,575.69,-168.19,556.07
202,18.2206,165.755,215.365,-5.27536,263.515,390.671,415.69,-147.19,439.07
203,29.153,168.518,202.159,-3.36161,264.782,383.89,313.69,-222.19,353.07
204,21.8648,166.676,208.254,-1.51368,263.941,383.932,493.69,-286.19,389.07
205,29.153,181.41,203.175,-3.2922,266.856,378.031,341.69,-314.19,326.07
206,20.9537,166.676,209.27,-13.4331,271.949,377.782,166.69,-273.19,154.07
207,29.153,174.043,206.222,-11.6593,270.455,370.14,97.69,-126.19,178.07
208,33.7082,172.201,199.111,0.438367,266.211,375.186,87.69,-14.19,155.07
209,23.6868,157.468,204.19,-4.83984,274.397,372.92,-118.31,3.81,27.07
210,55.573,164.835,199.111,1.7344,273.853,371.051,-541.31,7.81,-157.93
211,25.5089,160.23,208.254,1.78703,274.716,372.945,-580.31,-64.19,-176.93
212,25.5089,142.734,206.222,12.8435,268.596,377.092,-751.31,168.81,-265.93
213,30.0641,162.993,206.222,15.6345,267.835,376.173,-998.31,328.81,-365.93
214,20.0427,160.23,208.254,21.1472,264.24,380.193,-761.31,353.81,-371.93
215,9.11032,151.022,222.476,24.8646,262.348,386.066,-487.31,381.81,-198.93
216,1.82206,126.158,228.571,35.0892,259.189,384.316,-936.31,341.81,-368.93
217,4.55516,109.583,221.46,57.6113,255.34,392.295,-1660.31,484.81,-583.93
218,0.911032,139.971,243.81,65.8971,251.158,390.573,-2398.31,609.81,-787.93
219,27.331,200.748,240.762,97.7247,245.212,391.939,-2024.31,520.81,-939.93
220,-7.28826,128,260.064,96.9144,247.963,391.83,-829.31,215.81,-492.93
221,-26.4199,38.6763,260.064,109.172,247.656,390.947,-1191.31,116.81,-258.93
222,-25.5089,36.8345,263.111,128.19,250.5,389.019,-1857.31,125.81,-319.93
223,-3.64413,72.7482,268.19,168.708,250.182,374.806,-3052.31,314.81,-558.93
224,7.28826,86.5611,273.27,206.802,258.048,362.197,-3286.31,342.81,-756.93
225,-24.5979,69.9856,307.81,220.114,260.863,353.495,-2666.31,167.81,-658.93
226,-33.7082,13.813,306.794,251.307,264.203,328.493,-2255.31,243.81,-238.93
227,-52.8399,-43.2806,299.683,271.19,266.509,316.956,-2993.31,172.81,-177.93
228,-21.8648,-31.3094,312.889,310.092,274.397,279.3,-3647.31,188.81,-160.93
229,-8.19929,6.44604,336.254,328.804,273.348,256.322,-3480.31,172.81,-229.93
230,-8.19929,33.1511,358.603,356.527,284.418,218.484,-2911.31,60.81,-304.93
231,-8.19929,11.0504,340.317,372.814,292.939,184.532,-2563.31,33.81,-262.93
232,-24.5979,-36.8345,334.222,371.848,294.454,167.127,-2250.31,68.81,-327.93
233,-35.5303,-73.6691,335.238,380.43,298.393,146.793,-1881.31,248.81,-174.93
234,-23.6868,-66.3022,329.143,392.81,301.023,141.946,-1490.31,462.81,-83.93
235,-16.3986,-57.0935,329.143,390.824,300.454,129.431,-1170.31,506.81,-211.93
236,-11.8434,-56.1727,315.937,391.984,305.3,125.401,-1045.31,385.81,-245.93
237,-27.331,-90.2446,305.778,393.737,302.63,124.548,-628.31,326.81,-77.93
238,-46.4626,-120.633,310.857,394.495,299.016,122.762,-470.31,527.81,171.07
239,-48.2847,-112.345,315.937,388.794,297.567,129.529,-361.31,888.81,250.07
240,-45.5516,-109.583,303.746,392.903,283.253,145.508,-142.31,1020.81,291.07
241,-46.4626,-102.216,300.698,393.771,279.943,161.053,716.69,1057.81,456.07
242,-56.484,-105.899,304.762,393.769,257.606,187.91,943.69,1157.81,783.07
243,-86.548,-120.633,311.873,390.479,246.726,201.791,455.69,1475.81,1170.07
244,-85.637,-90.2446,306.794,395.499,211.821,223.369,56.69,1911.81,1412.07
245,-59.2171,-49.7266,289.524,394.053,200.136,236.327,-4.31,1903.81,501.07
246,-88.3701,-56.1727,283.429,390.512,183.454,256.207,313.69,1522.81,325.07
247,-122.078,-73.6691,295.619,381.675,154.147,284.241,688.69,1665.81,779.07
248,-158.52,-120.633,284.444,385.322,130.582,298.639,474.69,1940.81,1548.07
249,-128.456,-87.482,274.286,386.897,83.5619,316.802,117.69,2569.81,1692.07
250,-114.79,-27.6259,287.492,383.98,61.8218,323.387,-570.31,2994.81,753.07
251,-150.32,-59.8561,259.048,380.129,20.2968,336.495,6.69,2849.81,328.07
252,-134.833,-85.6403,224.508,368.653,-2.85446,345.012,541.69,2464.81,698.07
253,-172.185,-103.137,208.254,363.827,-44.1454,350.398,85.69,2544.81,928.07
254,-164.897,-59.8561,206.222,348.898,-98.9412,356.237,196.69,2785.81,1301.07
255,-179.473,-33.1511,198.095,355.177,-124.468,351.455,-291.31,3247.81,729.07
256,-157.609,-32.2302,161.524,349.866,-173.415,336.894,-530.31,3130.81,244.07
257,-192.228,-39.5971,167.619,346.329,-186.008,320.971,-710.31,2972.81,1.07
258,-206.804,-46.964,151.365,346.132,-226.058,298.395,-670.31,3003.81,243.07
259,-224.114,-46.0432,154.413,354.408,-246.997,272.254,-1936.31,3093.81,856.07
260,-166.719,-78.2734,159.492,345.603,-287.97,238.103,-1444.31,2781.81,1056.07
261,-209.537,-42.3597,64,340.895,-305.304,223.316,24.69,2462.81,986.07
262,-198.605,-42.3597,8.12698,339.661,-327.664,198.139,-245.31,2342.81,133.07
263,-197.694,-23.9424,9.14286,331.093,-345.833,175.654,-24.31,2237.81,487.07
264,-207.715,-13.813,17.2698,321.383,-349.422,159.356,-251.31,2133.81,472.07
265,-184.028,4.60432,-21.3333,322.183,-368.93,135.047,-279.31,1750.81,664.07
266,-200.427,-15.6547,-25.3968,316.289,-372.617,126.482,-275.31,1529.81,713.07
267,-222.292,-13.813,-18.2857,311.056,-380.361,102.658,-306.31,1331.81,310.07
268,-197.694,19.3381,-44.6984,304.355,-381.332,94.9496,-583.31,1338.81,89.07
269,-197.694,35.9137,-38.6032,305.855,-387.032,74.9403,-499.31,1094.81,56.07
270,-203.16,16.5755,-47.746,302.99,-386.924,68.1759,186.69,463.81,268.07
271,-215.004,0,-50.7937,306.753,-387.884,74.014,400.69,110.81,196.07
272,-228.669,-6.44604,-41.6508,292.731,-384.802,72.8557,344.69,-14.19,71.07
273,-224.114,1.84173,-44.6984,304.011,-386.226,75.863,-41.31,-0.190001,-131.93
274,-204.982,20.259,-56.8889,301.272,-384.603,78.6768,391.69,-206.19,36.07
275,-220.47,22.1007,-33.5238,297.584,-382.99,80.5222,384.69,-402.19,-27.93
276,-198.605,42.3597,-37.5873,302.448,-381.283,91.0832,202.69,-558.19,-83.93
277,-214.093,11.0504,-33.5238,300.817,-377.062,100.549,378.69,-919.19,-117.93
278,-211.359,0,-44.6984,305.085,-369.19,119.546,396.69,-1264.19,-291.93
279,-209.537,-3.68345,-22.3492,311.435,-357.567,140.339,456.69,-1408.19,-557.93
280,-188.584,5.52518,-41.6508,321.207,-351.834,148.848,346.69,-1688.19,-978.93
281,-181.295,-5.52518,-16.254,337.738,-326.09,177.836,294.69,-2051.19,-951.93
282,-198.605,-31.3094,8.12698,330.547,-320.557,194.93,638.69,-2508.19,-303.93
283,-225.936,-68.1439,41.6508,329.148,-294.849,226.709,650.69,-2721.19,-238.93
284,-243.246,-63.5396,90.4127,339.316,-281.973,243.623,479.69,-2678.19,-457.93
285,-218.648,-50.6475,72.127,343.644,-253.708,263.776,562.69,-2406.19,-525.93
286,-210.448,-33.1511,89.3968,345.066,-227.689,290.742,598.69,-2570.19,-417.93
287,-214.093,-38.6763,111.746,341.997,-214.237,299.852,760.69,-2631.19,19.07
288,-220.47,-30.3885,150.349,342.458,-188.124,322.956,711.69,-2571.19,211.07
289,-231.402,-42.3597,171.683,334.921,-169.237,329.908,517.69,-2351.19,-84.93
290,-194.961,-23.0216,143.238,336.612,-136.204,343.123,398.69,-2691.19,-271.93
291,-181.295,-42.3597,170.667,342.374,-115.748,350.091,657.69,-3029.19,-393.93
292,-193.139,-15.6547,206.222,338.748,-75.5302,363.004,723.69,-3117.19,-51.93
293,-167.63,-19.3381,214.349,334.775,-41.5577,368.444,594.69,-2927.19,125.07
294,-185.851,-38.6763,256,340.18,-27.2433,365.043,217.69,-2721.19,46.07
295,-133.011,-20.259,234.667,347.671,10.3856,361.738,-214.31,-2483.19,-302.93
296,-114.79,-31.3094,245.841,349.897,37.8479,350.115,-79.31,-3075.19,-735.93
297,-121.167,-34.0719,270.222,347.366,83.5408,341.632,361.69,-3391.19,-638.93
298,-116.612,-58.9353,285.46,355.641,99.0635,334.348,381.69,-3267.19,-232.93
299,-112.057,-69.0648,301.714,361.228,138.093,315.563,-126.31,-3038.19,-205.93
300,-91.1032,-34.0719,307.81,355.281,153.143,302.437,-183.31,-2700.19,-174.93
301,-50.1068,-30.3885,293.587,368.908,183.504,277.28,-386.31,-2731.19,-561.93
302,-9.11032,-53.4101,256,372.903,210.894,244.474,-267.31,-3132.19,-609.93
303,-13.6655,-65.3813,294.603,369.336,236.429,227.111,-100.31,-3528.19,-514.93
304,-41.9075,-103.137,332.19,373.763,253.75,190.834,-104.31,-3182.19,-293.93
305,-19.1317,-71.8273,337.27,378.726,259.989,179.064,584.69,-2841.19,295.07
306,32.7972,-4.60432,334.222,376.269,269.873,159.408,930.69,-2688.19,79.07
307,63.7722,0.920863,316.952,367.112,277.4,144.621,492.69,-2711.19,-333.93
308,61.0391,-32.2302,323.048,367.571,289.424,121.046,508.69,-2800.19,-246.93
309,53.7509,-77.3525,327.111,363.824,292.982,94.8771,487.69,-2626.19,-115.93
310,79.2598,-46.0432,311.873,364.759,294.518,79.4089,-65.31,-2622.19,-129.93
311,112.968,-22.1007,298.667,359.237,300.957,48.3039,-637.31,-2576.19,-534.93
312,123.9,-1.84173,284.444,359.379,305.069,37.5512,476.69,-2736.19,-353.93
313,120.256,-18.4173,291.556,356.492,305.387,24.998,1085.69,-2734.19,-300.93
314,109.324,-51.5683,292.571,350.934,308.051,21.0124,1669.69,-2562.19,-202.93
315,119.345,-49.7266,263.111,345.176,307.16,12.3426,1555.69,-2347.19,15.07
316,176.74,-0.920863,238.73,347.104,308.288,9.4204,707.69,-2314.19,-103.93
317,193.139,47.8849,209.27,339.315,305.896,-11.7293,489.69,-2336.19,-327.93
318,184.028,34.0719,214.349,332.649,305.962,-22.3672,720.69,-2307.19,-184.93
319,163.986,0,213.333,330.822,307.98,-29.1979,597.69,-2166.19,-102.93
320,175.829,-28.5468,214.349,331.582,305.718,-42.5969,208.69,-1900.19,-98.93
321,174.007,-7.36691,201.143,325.96,307.624,-51.3715,-112.31,-1655.19,-191.93
322,192.228,23.0216,162.54,319.961,302.213,-63.7259,-14.31,-1548.19,-177.93
323,199.516,33.1511,134.095,326.566,302.741,-69.4897,378.69,-1518.19,-53.93
324,204.982,14.7338,129.016,321.653,300.136,-80.9805,388.69,-1532.19,-49.93
325,223.203,19.3381,110.73,316.765,297.287,-85.7177,95.69,-1365.19,-171.93
326,215.915,16.5755,116.825,312.81,294.623,-94.3105,117.69,-1455.19,-197.93
327,204.982,14.7338,130.032,313.483,290.462,-106.675,17.69,-1429.19,-288.93
328,202.249,16.5755,142.222,305.951,291.065,-107.703,-49.31,-1327.19,-286.93
329,224.114,13.813,130.032,303.794,286.663,-117.184,-94.31,-1057.19,-150.93
330,226.847,19.3381,107.683,307.263,280.32,-116.925,-472.31,-736.19,-130.93
331,230.491,31.3094,88.381,303.524,282.422,-128.587,-515.31,-574.19,-108.93
332,214.093,33.1511,109.714,295.663,276.605,-132.265,47.69,-684.19,-51.93
333,223.203,32.2302,118.857,296.614,276.615,-131.297,411.69,-544.19,-105.93
334,244.157,2.76259,88.381,300.215,273.103,-132.107,163.69,-301.19,-62.93
335,244.157,-3.68345,73.1429,302.192,275.128,-134.1,38.69,-281.19,-26.93
336,229.58,20.259,94.4762,297.364,273.072,-135.013,-282.31,-60.19,7.07
337,218.648,35.9137,118.857,305.832,272.619,-136.875,-228.31,26.81,46.07
338,237.779,46.0432,119.873,304.854,271.501,-132.984,-97.31,229.81,149.07
339,262.377,37.7554,97.5238,300.162,272.241,-134.002,-120.31,462.81,47.07
340,256,23.0216,96.5079,295.576,274.705,-131.23,-151.31,535.81,-139.93
341,231.402,22.1007,124.952,297.575,276.521,-127.434,-192.31,623.81,-88.93
342,208.626,21.1799,153.397,300.604,280.316,-125.633,-300.31,900.81,17.07
343,228.669,12.8921,135.111,298.952,284.746,-121.956,-349.31,1232.81,219.07
344,245.068,-9.20863,89.3968,300.091,288.415,-119.198,-439.31,1408.81,423.07
345,236.868,-5.52518,95.4921,303.774,285.486,-110.395,-520.31,1287.81,502.07
346,214.093,11.0504,141.206,299.17,288.125,-112.447,-706.31,1286.81,478.07
347,201.338,30.3885,183.873,304.837,287.152,-103.708,-726.31,1392.81,499.07
348,204.982,46.0432,205.206,301.39,293.285,-98.1778,-647.31,1552.81,482.07
349,224.114,40.518,192,309.17,297.133,-91.5352,-320.31,1740.81,377.07
350,229.58,16.5755,181.841,312.473,305.135,-77.3667,-97.31,1846.81,210.07
351,190.406,2.76259,225.524,314.724,311.367,-66.9912,91.69,1912.81,28.07
352,140.299,-6.44604,293.587,305.998,322.949,-39.5367,1033.69,2205.81,-124.93
353,215.004,-5.52518,244.825,312.155,330.947,-21.4983,-234.31,2894.81,127.07
354,246.89,-17.4964,150.349,308.783,336.347,4.29265,-479.31,2886.81,194.07
355,211.359,-4.60432,158.476,311.936,341.692,14.7067,-423.31,2303.81,197.07
356,138.477,3.68345,231.619,315.907,342.83,39.7362,-233.31,1938.81,95.07
357,81.9929,-0.920863,285.46,309.604,346.23,65.5862,-296.31,2069.81,6.07
358,142.121,11.0504,238.73,302.157,347.381,75.1357,-128.31,2241.81,-79.93
359,170.363,-8.28777,161.524,299.547,349.133,100.105,-445.31,1984.81,-19.93
360,127.544,-20.259,212.317,308.731,342.713,110.034,-63.31,1552.81,212.07
361,70.1495,-8.28777,286.476,303.996,339.748,134.206,-192.31,1708.81,128.07
362,48.2847,-9.20863,305.778,314.162,334.41,141.208,-46.31,1841.81,-13.93
363,79.2598,-32.2302,270.222,298.243,333.312,175.846,788.69,1802.81,-265.93
364,126.633,11.0504,266.159,292.261,323.602,205.083,1612.69,1560.81,-120.93
365,108.413,-5.52518,231.619,284.766,323.856,213.702,418.69,1477.81,21.07
366,59.2171,11.0504,285.46,281.539,313.734,232.372,112.69,1371.81,27.07
367,31.8861,4.60432,301.714,290.744,308.491,235.512,-300.31,1478.81,-43.93
368,51.0178,-11.0504,281.397,286.787,303.09,251.11,-154.31,1219.81,-325.93
369,72.8826,0.920863,251.937,282.822,299.144,252.2,-40.31,805.81,-301.93
370,60.1281,-0.920863,248.889,279.878,295.897,260.977,101.69,457.81,-122.93
371,20.9537,5.52518,300.698,287.42,295.189,264.9,268.69,519.81,14.07
372,11.8434,11.0504,323.048,275.013,291.452,274.606,195.69,654.81,-34.93
373,35.5303,6.44604,300.698,275.754,286.627,280.573,-298.31,851.81,-348.93
374,36.4413,1.84173,262.095,279.722,290.537,280.448,-57.31,431.81,-338.93
375,22.7758,-0.920863,268.19,278.685,288.628,280.514,234.69,90.81,-172.93
376,10.0214,1.84173,293.587,275.915,289.179,287.222,124.69,206.81,-238.93
377,16.3986,3.68345,293.587,275.772,286.452,285.397,61.69,234.81,-299.93
378,26.4199,9.20863,292.571,272.268,291.759,288.068,88.69,136.81,-288.93
379,25.5089,11.9712,296.635,271.367,292.645,288.029,-34.31,38.81,-270.93
380,23.6868,0.920863,295.619,267.793,297.264,283.981,-55.31,-36.19,-265.93
381,7.28826,-4.60432,311.873,272.363,293.588,288.963,-41.31,-24.19,-210.93
382,9.11032,-4.60432,312.889,274.399,297.792,278.217,-88.31,45.81,-142.93
383,20.0427,0.920863,309.841,268.82,299.278,281.02,-167.31,-16.19,-139.93
384,19.1317,0.920863,310.857,273.683,302.372,279.004,-105.31,-56.19,-116.93
385,8.19929,4.60432,320,282.021,299.053,279.176,25.69,-47.19,-4.93
386,13.6655,0.920863,315.937,285.937,302.101,277.156,-28.31,-26.19,43.07
387,17.3096,0.920863,310.857,274.475,299.796,274.288,-29.31,-27.19,77.07
388,18.2206,0.920863,310.857,287.676,299.57,272.444,-76.31,-34.19,39.07
389,18.2206,7.36691,307.81,285.874,301.343,272.367,12.69,-87.19,92.07
390,20.0427,4.60432,308.825,281.235,302.945,273.244,8.69,-90.19,66.07
391,20.9537,3.68345,304.762,287.704,300.677,267.585,-52.31,-90.19,-27.93
392,19.1317,0,303.746,289.745,303.459,270.382,-72.31,-124.19,-66.93
393,19.1317,-0.920863,305.778,289.014,308.18,267.309,-33.31,-120.19,9.07
394,22.7758,8.28777,305.778,285.112,306.378,260.611,-80.31,-99.19,-17.93
395,17.3096,5.52518,307.81,284.123,305.365,261.607,-87.31,-113.19,-89.93
396,18.2206,0.920863,308.825,280.483,307.875,264.382,-20.31,-86.19,-13.93
397,20.0427,0,303.746,285.168,307.205,263.47,-39.31,-57.19,-21.93
398,17.3096,-1.84173,300.698,285.217,308.102,264.4,-0.309999,-55.19,25.07
399,20.9537,-0.920863,296.635,288.94,307.527,259.625,-1.31,-45.19,72.07
400,24.5979,5.52518,297.651,288.043,308.379,260.552,-28.31,-62.19,104.07
401,22.7758,8.28777,300.698,289.062,310.463,255.661,-29.31,-96.19,8.07
402,16.3986,-0.920863,302.73,295.727,311.783,253.722,-39.31,-109.19,-68.93
403,20.9537,-1.84173,299.683,292.709,307.883,254.816,5.69,-84.19,59.07
404,21.8648,0.920863,302.73,295.689,310.781,255.686,44.69,-59.19,83.07
405,27.331,4.60432,301.714,294.697,309.804,255.718,40.69,-53.19,67.07
406,23.6868,6.44604,305.778,289.918,308.644,255.735,-54.31,-46.19,-27.93
407,25.5089,6.44604,300.698,294.77,311.843,250.824,-39.31,-36.19,-81.93
408,24.5979,1.84173,299.683,288.252,313.214,255.553,46.69,-67.19,-20.93
409,22.7758,4.60432,299.683,283.553,314.024,252.606,86.69,-60.19,47.07
410,23.6868,3.68345,300.698,292.975,313.546,252.676,25.69,-23.19,19.07
411,26.4199,3.68345,301.714,292.077,314.398,253.603,0.690001,-20.19,-3.93
412,22.7758,0,303.746,290.075,312.617,248.841,-69.31,-8.19,-60.93
413,23.6868,1.84173,300.698,286.292,312.401,249.792,49.69,-12.19,24.07
414,25.5089,-0.920863,298.667,288.943,308.878,248.013,3.69,-10.19,1.07
415,23.6868,2.76259,299.683,290.127,313.48,250.736,-52.31,8.81,-28.93
416,28.242,3.68345,298.667,290.113,313.619,246.877,-53.31,18.81,-36.93
417,24.5979,-0.920863,299.683,291.039,312.488,253.669,-45.31,-8.19,-73.93
418,22.7758,-0.920863,303.746,289.995,310.648,251.806,-14.31,3.81,4.07
419,25.5089,5.52518,300.698,293.872,312.694,251.75,-14.31,44.81,44.07
420,29.153,4.60432,295.619,291.79,308.945,249.953,-33.31,19.81,-7.93
421,25.5089,0,299.683,289.128,312.572,248.838,-17.31,-5.19,-11.93
422,20.0427,0.920863,304.762,292.877,311.752,250.817,11.69,18.81,30.07
423,29.153,1.84173,296.635,288.192,312.422,251.729,11.69,10.81,41.07
424,27.331,0.920863,296.635,292.827,310.854,249.887,1.69,-29.19,13.07
425,21.8648,0,300.698,292.726,309.095,247.062,-7.31,-29.19,15.07
426,24.5979,0,299.683,288.178,312.561,247.869,-36.31,-24.19,17.07
427,24.5979,1.84173,301.714,287.277,313.448,247.831,-16.31,-44.19,54.07
428,26.4199,2.76259,302.73,289.96,309.611,254.735,47.69,-49.19,64.07
429,27.331,-1.84173,300.698,297.557,311.117,248.94,90.69,-70.19,73.07
430,26.4199,0,299.683,291.972,312.673,249.813,19.69,-82.19,52.07
431,22.7758,0,301.714,296.558,310.209,247.042,-28.31,-41.19,1.07
432,26.4199,0.920863,303.746,292.771,310.027,247.027,22.69,-31.19,54.07
433,27.331,0.920863,302.73,297.557,311.117,248.94,15.69,-44.19,36.07
434,25.5089,5.52518,303.746,293.935,314.838,243.962,19.69,-46.19,25.07
435,23.6868,0.920863,305.778,303.412,315.188,246.892,-25.31,-30.19,-31.93
436,25.5089,0.920863,304.762,298.644,313.924,249.804,-18.31,5.81,3.07
437,30.0641,1.84173,298.667,293.862,312.799,248.856,-9.31,-19.19,-15.93
438,26.4199,-0.920863,298.667,292.904,312.859,245.958,-36.31,-18.19,-23.93
439,24.5979,2.76259,298.667,290.958,311.905,244.056,-45.31,-9.19,-20.93
440,30.0641,3.68345,297.651,293.742,311.214,241.207,2.69,-27.19,-11.93
441,25.5089,0,301.714,292.041,314.747,243.955,9.69,-35.19,11.07
442,26.4199,-0.920863,305.778,295.657,311.096,247.003,-33.31,-13.19,-9.93
443,30.9751,1.84173,297.651,297.592,312.154,246.011,-42.31,-12.19,-36.93
444,25.5089,-0.920863,298.667,300.334,310.496,244.162,-14.31,-46.19,9.07
445,26.4199,0.920863,298.667,295.821,314.999,242.039,-69.31,-18.19,24.07
446,30.9751,4.60432,300.698,291.901,311.986,243.095,-33.31,-37.19,14.07
447,26.4199,2.76259,302.73,300.6,316.158,242.022,20.69,-56.19,20.07
448,25.5089,-1.84173,298.667,293.878,314.011,241.102,26.69,-50.19,75.07
449,31.8861,-0.920863,296.635,295.723,313.205,240.18,2.69,-58.19,37.07
450,30.9751,0,300.698,296.659,313.355,237.289,6.69,-59.19,52.07
451,26.4199,-0.920863,300.698,300.32,310.635,240.302,26.69,-58.19,104.07
452,28.242,1.84173,299.683,296.711,314.217,239.183,24.69,-48.19,118.07
453,24.5979,0,304.762,298.552,313.446,237.296,14.69,-13.19,116.07
454,31.8861,-0.920863,297.651,302.304,312.591,240.24,0.690001,2.81,83.07
455,30.0641,-0.920863,293.587,305.081,311.969,235.461,25.69,-24.19,124.07
456,12.7544,-18.4173,302.73,300.313,310.705,238.373,56.69,-34.19,255.07
457,4.55516,-49.7266,298.667,314.18,305.002,234.812,37.69,16.81,528.07
458,9.11032,-65.3813,293.587,313.276,305.923,233.809,-74.31,28.81,1050.07
459,20.9537,-42.3597,301.714,326.465,286.203,231.736,-243.31,100.81,1430.07
460,41.9075,6.44604,308.825,339.099,275.001,224.522,-143.31,154.81,1550.07
461,47.3737,34.0719,305.778,352.758,264.462,225.96,278.69,153.81,1613.07
462,28.242,3.68345,292.571,359.787,252.253,238.985,502.69,21.81,1524.07
463,31.8861,-99.4532,247.873,366.517,236.083,232.889,1160.69,-317.19,2319.07
464,18.2206,-180.489,244.825,374.187,199.041,240.111,1615.69,-870.19,4086.07
465,-13.6655,-154.705,332.19,385.902,167.915,243.279,1382.69,-497.19,5644.07
466,49.1957,-10.1295,392.127,415.114,92.2177,218.36,-1845.31,1391.81,5121.07
467,124.811,94.8489,333.206,424.279,31.2975,194.697,-1685.31,2199.81,3982.07
468,159.431,193.381,272.254,420.001,2.54376,188.051,-362.31,1059.81,2926.07
469,132.1,126.158,273.27,421.959,-14.8562,183.901,-51.31,349.81,2052.07
470,22.7758,-51.5683,294.603,411.636,-13.4919,183.792,425.69,-884.19,326.07
471,-50.1068,-71.8273,346.413,409.869,-31.6675,196.03,1377.69,-955.19,1568.07
472,-11.8434,-5.52518,339.302,404.859,-37.4528,195.257,499.69,-506.19,1603.07
473,40.9964,23.0216,301.714,397.581,-50.6815,191.861,79.69,-220.19,1105.07
474,58.306,-1.84173,280.381,393.291,-61.0821,191.267,-24.31,-464.19,950.07
475,40.9964,-2.76259,292.571,390.283,-65.0869,195.255,549.69,-795.19,1278.07
476,25.5089,-4.60432,316.952,383.062,-77.4882,194.719,474.69,-738.19,1229.07
477,26.4199,0.920863,313.905,371.625,-80.0378,198.605,340.69,-796.19,948.07
478,51.9288,18.4173,299.683,368.394,-88.7382,203.733,328.69,-828.19,892.07
479,66.5053,23.0216,297.651,370.252,-89.6843,206.669,442.69,-796.19,824.07
480,64.6833,10.1295,298.667,363.56,-92.1114,213.468,357.69,-690.19,625.07
481,62.8612,14.7338,297.651,354.938,-94.28,210.611,389.69,-623.19,646.07
482,69.2384,13.813,293.587,354.77,-98.1484,214.61,409.69,-434.19,421.07
483,74.7046,22.1007,292.571,354.145,-91.7037,215.327,167.69,-290.19,-26.93
484,92.9253,30.3885,280.381,352.41,-89.2077,221.003,306.69,-132.19,-356.93
485,93.8363,62.6187,301.714,350.943,-81.0839,225.506,384.69,-16.19,-550.93
486,77.4377,45.1223,302.73,362.5,-76.9495,229.268,64.69,68.81,-960.93
487,56.484,-4.60432,294.603,364.087,-63.8888,229.748,-24.31,309.81,-1043.93
488,61.9502,16.5755,288.508,361.436,-60.3664,231.527,-201.31,555.81,-1162.93
489,69.2384,32.2302,286.476,369.558,-48.8518,232.101,-307.31,719.81,-1304.93
490,72.8826,42.3597,286.476,372.766,-41.2931,232.797,-157.31,740.81,-1390.93
491,70.1495,47.8849,293.587,376.32,-27.4888,240.967,82.69,597.81,-1406.93
492,29.153,-4.60432,301.714,382.04,-8.00064,248.935,-269.31,596.81,-1940.93
493,30.0641,6.44604,288.508,389.051,0.951532,241.892,-658.31,815.81,-2316.93
494,78.3488,58.0144,256,403.693,30.6944,235.07,-1234.31,765.81,-2817.93
495,51.0178,29.4676,274.286,400.763,48.2934,232.462,-1129.31,636.81,-2926.93
496,9.11032,23.9424,318.984,402.13,76.2232,232.379,-283.31,309.81,-2463.93
497,-1.82206,0.920863,317.968,413.32,92.5349,232.79,-642.31,361.81,-2216.93
498,42.8185,20.259,282.413,411.969,123.265,228.732,-944.31,443.81,-2722.93
499,74.7046,10.1295,252.952,408.226,163.249,222.384,-1523.31,368.81,-3408.93
500,19.1317,-21.1799,303.746,407.046,178.212,217.958,-678.31,207.81,-3002.93
501,0,-8.28777,342.349,397.218,208.114,225.446,-490.31,538.81,-2694.93
502,47.3737,15.6547,331.175,391.531,227.51,220.828,-1425.31,931.81,-3308.93
503,67.4164,-45.1223,271.238,376.357,266.262,207.718,-2758.31,1014.81,-4000.93
504,34.6192,-114.187,215.365,377.988,281.641,195.585,-2495.31,663.81,-3671.93
505,-13.6655,-75.5108,279.365,372.378,303.042,187.038,-1139.31,-56.19,-2096.93
506,20.9537,-59.8561,362.667,369.691,306.914,179.169,-1373.31,264.81,-1574.93
507,41.9075,-60.777,291.556,350.88,328.54,172.467,-812.31,101.81,-2081.93
508,22.7758,-81.036,296.635,348.84,345.357,167.003,-1176.31,-61.19,-1777.93
509,13.6655,-102.216,318.984,344.4,351.9,159.987,-1636.31,362.81,-1801.93
510,-0.911032,-98.5324,331.175,329.882,364.292,157.511,-1295.31,379.81,-1580.93
511,19.1317,-70.9065,331.175,331.957,368.112,157.378,-854.31,166.81,-1276.93
512,41.9075,-69.0648,297.651,315.662,382.034,161.579,-818.31,102.81,-1543.93
513,48.2847,-69.0648,265.143,306.363,385.447,157.544,-773.31,29.81,-1516.93
514,40.9964,-85.6403,258.032,294.548,395.18,155.184,-981.31,65.81,-1442.93
515,46.4626,-83.7986,254.984,293.895,401.904,148.182,-1130.31,238.81,-1373.93
516,63.7722,-84.7194,233.651,280.209,411.336,151.603,-1034.31,96.81,-1519.93
517,54.6619,-89.3237,236.698,268.339,420.241,146.383,-667.31,-181.19,-1704.93
518,45.5516,-112.345,236.698,266.725,425.674,148.096,-507.31,-351.19,-1611.93
519,53.7509,-116.029,225.524,251.21,438.51,132.109,-620.31,-411.19,-1422.93
520,71.9715,-121.554,220.444,245.761,442.863,132.877,-576.31,-328.19,-1326.93
521,76.5267,-117.871,234.667,232.032,452.714,124.721,-548.31,-236.19,-1458.93
522,74.7046,-123.396,241.778,225.796,460.96,119.557,-488.31,-212.19,-1417.93
523,78.3488,-117.871,257.016,204.33,466.544,116.336,-185.31,-275.19,-1479.93
524,63.7722,-122.475,259.048,188.687,475.128,114.961,133.69,-279.19,-1588.93
525,71.0605,-116.029,266.159,179.262,475.641,113.925,-10.31,-78.19,-1455.93
526,85.637,-116.95,251.937,164.524,483.303,113.553,-2.31,-54.19,-1249.93
527,76.5267,-129.842,252.952,149.559,486.304,113.356,35.69,-177.19,-1105.93
528,71.0605,-106.82,270.222,141.346,492.525,110.185,-432.31,-5.19,-964.93
529,96.5694,-75.5108,270.222,142.31,492.395,115.013,-698.31,71.81,-928.93
530,119.345,-65.3813,245.841,133.047,495.46,120.626,-486.31,82.81,-1198.93
531,119.345,-99.4532,232.635,113.544,501.823,124.13,-111.31,111.81,-1318.93
532,99.3025,-118.791,246.857,104.001,499.364,128.024,264.69,131.81,-1342.93
533,114.79,-96.6907,246.857,78.6683,501.411,140.33,-115.31,252.81,-1217.93
534,113.879,-90.2446,250.921,72.0486,501.023,142.234,-326.31,259.81,-984.93
535,125.722,-100.374,248.889,57.8912,499.922,153.758,-210.31,318.81,-966.93
536,119.345,-145.496,232.635,56.7734,496.043,156.789,1.69,298.81,-1138.93
537,114.79,-160.23,234.667,37.9316,495.612,169.224,-299.31,308.81,-1035.93
538,117.523,-141.813,240.762,26.4277,492.34,167.357,-370.31,274.81,-578.93
539,117.523,-126.158,246.857,20.7343,490.82,176.053,-206.31,249.81,-172.93
540,104.769,-113.266,273.27,25.2166,485.245,182.07,42.69,193.81,-22.93
541,101.125,-122.475,263.111,27.9274,482.515,184.115,-114.31,310.81,106.07
542,112.057,-134.446,240.762,28.8262,480.277,195.766,122.69,334.81,286.07
543,114.79,-116.95,254.984,35.3478,478.871,192.002,243.69,240.81,470.07
544,94.7473,-107.741,263.111,42.8137,476.158,199.854,195.69,234.81,485.07
545,81.0818,-110.504,270.222,37.9786,474.172,197.011,528.69,154.81,761.07
546,96.5694,-110.504,265.143,48.2773,471.666,202.944,794.69,142.81,1090.07
547,104.769,-95.7698,266.159,64.053,465.913,203.25,639.69,207.81,1090.07
548,86.548,-89.3237,267.175,72.5146,464.144,212.035,412.69,309.81,917.07
549,58.306,-97.6115,272.254,77.0279,459.64,214.157,526.69,364.81,954.07
550,41.9075,-138.13,252.952,84.3849,455.239,217.255,859.69,193.81,1546.07
551,57.395,-163.914,250.921,116.223,449.187,221.516,1087.69,28.81,2517.07
552,113.879,-65.3813,285.46,125.666,448.5,227.376,966.69,248.81,2645.07
553,103.858,-50.6475,271.238,145.928,437.138,234.662,508.69,649.81,1426.07
554,60.1281,-80.1151,264.127,147.57,431.426,240.668,747.69,350.81,1224.07
555,51.9288,-93.9281,259.048,162.444,426.56,240.935,740.69,152.81,1502.07
556,55.573,-108.662,272.254,171.534,418.311,249.968,636.69,320.81,1716.07
557,66.5053,-92.0863,265.143,183.38,409.65,248.435,684.69,342.81,1590.07
558,61.0391,-84.7194,266.159,196.106,398.926,253.728,717.69,297.81,1462.07
559,41.9075,-75.5108,288.508,189.315,394.705,258.667,711.69,242.81,1529.07
560,29.153,-91.1655,288.508,199.187,383.984,260.09,556.69,291.81,1422.07
561,37.3523,-106.82,273.27,214.072,379.014,263.252,773.69,174.81,1760.07
562,41.9075,-102.216,254.984,226.686,366.635,262.826,799.69,9.81,2026.07
563,27.331,-90.2446,271.238,245.091,357.57,255.564,579.69,-59.19,2247.07
564,36.4413,-34.0719,295.619,249.46,350.34,255.861,133.69,92.81,1937.07
565,40.9964,-11.0504,301.714,263.01,338.111,252.545,497.69,-36.19,1690.07
566,40.0854,-19.3381,289.524,264.638,332.539,254.691,653.69,-179.19,1522.07
567,20.9537,-38.6763,282.413,271.072,329.234,251.962,901.69,-384.19,1368.07
568,7.28826,-43.2806,287.492,274.397,320.164,250.396,856.69,-355.19,1577.07
569,14.5765,-34.9928,288.508,288.192,312.422,251.729,626.69,-167.19,1580.07
570,45.5516,-16.5755,279.365,282.225,306.696,248.057,486.69,-125.19,1311.07
571,44.6406,-2.76259,281.397,286.909,306.026,247.146,345.69,-207.19,794.07
572,22.7758,-8.28777,289.524,290.402,300.824,241.581,300.69,-224.19,678.07
573,20.0427,-10.1295,291.556,298.691,296.608,240.823,253.69,-198.19,757.07
574,34.6192,4.60432,288.508,296.64,293.93,235.132,182.69,-152.19,607.07
575,42.8185,18.4173,283.429,296.545,292.1,234.237,44.69,-96.19,340.07
576,32.7972,0,277.333,300.272,291.49,230.427,-50.31,-90.19,161.07
577,19.1317,-3.68345,285.46,303.859,288.118,225.757,-34.31,-125.19,328.07
578,6.37722,-15.6547,294.603,301.019,287.981,225.746,-61.31,-70.19,420.07
579,12.7544,-17.4964,287.492,315.805,282.603,214.47,-167.31,3.81,539.07
580,22.7758,-11.9712,283.429,318.572,280.7,219.375,-2.31,-29.19,725.07
581,13.6655,-20.259,290.54,330.372,271.107,217.876,287.69,-93.19,1122.07
582,9.11032,-48.8058,286.476,325.313,264.425,216.173,743.69,-282.19,1796.07
583,10.9324,-63.5396,289.524,337.532,243.517,219.921,1255.69,-379.19,2479.07
584,19.1317,-81.036,274.286,344.536,231.553,226.193,1272.69,-496.19,2777.07
585,4.55516,-108.662,262.095,362.14,185.935,227.05,1305.69,-508.19,3923.07
586,30.0641,-81.9568,306.794,373.981,157.709,227.219,777.69,135.81,4821.07
587,26.4199,36.8345,364.698,392.964,102.068,224.608,-405.31,1451.81,3752.07
588,25.5089,71.8273,347.429,396.846,66.2312,219.238,-632.31,1727.81,2642.07
589,38.2633,37.7554,311.873,390.432,51.1138,217.846,183.69,673.81,1698.07
590,30.9751,14.7338,279.365,387.696,33.1023,224.292,1033.69,-106.19,1432.07
591,10.0214,2.76259,275.302,389.296,26.4236,231.297,739.69,-156.19,1260.07
592,-25.5089,17.4964,316.952,378.281,13.9103,228.817,522.69,-85.19,1094.07
593,-29.153,10.1295,313.905,379.776,5.50706,232.033,497.69,36.81,1150.07
594,-16.3986,-33.1511,301.714,383.893,-6.13912,225.752,-74.31,247.81,918.07
595,6.37722,-10.1295,268.19,386.152,-16.8393,216.534,-444.31,41.81,481.07
596,-11.8434,-15.6547,285.46,374.837,-16.4526,216.456,398.69,-407.19,1073.07
597,-34.6192,-18.4173,315.937,368.593,-27.7366,212.029,372.69,-622.19,1111.07
598,-32.7972,-13.813,317.968,373.1,-32.1701,212.222,-41.31,-549.19,874.07
599,-10.0214,18.4173,325.079,369.818,-40.3814,203.842,172.69,-433.19,1020.07
600,-9.11032,0,314.921,357.189,-47.4626,203.075,327.69,-434.19,1195.07
601,14.5765,0.920863,296.635,355.777,-56.7248,200.527,253.69,-433.19,1122.07
602,22.7758,2.76259,292.571,350.188,-55.1333,200.435,246.69,-525.19,1130.07
603,13.6655,5.52518,302.73,341.946,-68.2327,192.212,281.69,-697.19,1130.07
604,18.2206,15.6547,305.778,331.406,-71.634,195.172,136.69,-768.19,986.07
605,32.7972,24.8633,300.698,334.997,-75.0411,191.467,277.69,-808.19,967.07
606,38.2633,23.0216,304.762,319.713,-78.5649,191.515,405.69,-790.19,1019.07
607,52.8399,34.0719,304.762,311.046,-81.6657,188.693,240.69,-628.19,764.07
608,66.5053,41.4389,299.683,306.214,-83.6875,186.815,161.69,-459.19,547.07
609,65.5943,50.6475,306.794,307.018,-86.3686,184.994,18.69,-344.19,294.07
610,63.7722,41.4389,311.873,305.201,-84.4555,181.057,-88.31,-214.19,129.07
611,70.1495,52.4892,308.825,309.113,-81.3724,178.073,-310.31,94.81,-249.93
612,64.6833,70.9065,326.095,311.192,-77.5877,178.905,-248.31,377.81,-589.93
613,73.7936,96.6907,327.111,322.106,-66.834,178.56,-226.31,771.81,-1120.93
614,71.0605,69.9856,315.937,318.626,-60.3859,175.407,-115.31,933.81,-1600.93
615,61.9502,24.8633,301.714,331.773,-43.2257,180.613,-409.31,975.81,-2150.93
616,79.2598,52.4892,281.397,344.671,-30.5167,180.206,-814.31,915.81,-2820.93
617,84.726,68.1439,296.635,358.584,2.55998,182.889,-604.31,588.81,-3615.93
618,20.0427,23.9424,337.27,357.69,22.9765,182.113,-468.31,294.81,-3791.93
619,-1.82206,15.6547,357.587,370.269,67.0084,188.229,-685.31,333.81,-3808.93
620,49.1957,20.259,322.032,381.945,114.7,169.152,-1862.31,632.81,-3955.93
621,59.2171,-30.3885,284.444,387.702,136.576,162.577,-3239.31,1099.81,-4191.93
622,4.55516,-132.604,247.873,392.499,179.533,136.896,-3524.31,1723.81,-4107.93
623,-5.46619,-179.568,155.429,392.094,190.708,135.508,-2611.31,1596.81,-3112.93
624,-31.8861,-134.446,199.111,382.027,217.44,127.698,-1068.31,661.81,-2074.93
625,-15.4875,-56.1727,266.159,381.413,223.78,131.309,565.69,398.81,-1543.93
626,1.82206,-39.5971,270.222,371.571,232.835,150.182,806.69,624.81,-1069.93
627,1.82206,-46.0432,270.222,362.451,238.626,157.62,397.69,199.81,-874.93
628,12.7544,-67.223,248.889,358.996,244.829,161.22,331.69,62.81,-822.93
629,-9.11032,-75.5108,268.19,356.231,245.345,168.893,880.69,-35.19,-592.93
630,-5.46619,-38.6763,307.81,353.727,251.56,173.462,859.69,-224.19,-398.93
631,0.911032,-54.3309,299.683,350.38,260.839,169.239,205.69,-220.19,-772.93
632,17.3096,-69.0648,270.222,345.169,269.748,172.727,203.69,-599.19,-1148.93
633,10.9324,-66.3022,277.333,332.572,283.338,165.399,528.69,-1020.19,-1001.93
634,0.911032,-62.6187,301.714,334.923,292.716,166.022,282.69,-789.19,-1027.93
635,7.28826,-54.3309,298.667,322.141,302.613,157.869,236.69,-657.19,-895.93
636,26.4199,-29.4676,297.651,318.991,315.481,157.366,332.69,-669.19,-851.93
637,30.0641,-32.2302,298.667,315.315,318.34,150.493,510.69,-737.19,-871.93
638,5.46619,-78.2734,303.746,311.089,328.297,152.02,732.69,-691.19,-664.93
639,12.7544,-80.1151,300.698,309.339,330.932,153.838,519.69,-439.19,-315.93
640,37.3523,-58.0144,286.476,304.043,339.294,146.748,19.69,-336.19,-563.93
641,37.3523,-39.5971,292.571,302.153,339.168,147.706,103.69,-380.19,-571.93
642,34.6192,-38.6763,293.587,302.503,346.765,143.567,338.69,-431.19,-353.93
643,20.9537,-59.8561,301.714,298.887,350.416,140.519,185.69,-352.19,-211.93
644,28.242,-56.1727,301.714,296.06,351.527,131.79,-39.31,-119.19,-158.93
645,47.3737,-31.3094,287.492,296.116,352.354,134.649,112.69,-94.19,-21.93
646,51.0178,-18.4173,296.635,297.017,351.467,134.688,228.69,-187.19,-21.93
647,33.7082,-23.0216,313.905,298.282,358.038,134.447,357.69,-178.19,-84.93
648,31.8861,-43.2806,305.778,301.933,355.423,134.566,264.69,-107.19,30.07
649,43.7295,-41.4389,293.587,303.83,355.479,135.538,197.69,-73.19,101.07
650,57.395,-17.4964,298.667,299.176,357.221,132.556,59.69,-17.19,-42.93
651,48.2847,-3.68345,313.905,298.237,357.106,134.482,64.69,24.81,-138.93
652,44.6406,-11.9712,313.905,295.457,357.762,138.295,221.69,41.81,-37.93
653,41.9075,-23.0216,314.921,300.295,359.714,142.103,215.69,50.81,-46.93
654,40.0854,-51.5683,302.73,296.425,357.598,144.088,127.69,82.81,-27.93
655,37.3523,-46.964,304.762,304.798,355.315,141.33,-225.31,212.81,-16.93
656,51.9288,-6.44604,300.698,305.808,356.118,146.123,-233.31,250.81,-25.93
657,35.5303,-23.0216,311.873,298.556,362.244,146.815,-43.31,275.81,25.07
658,16.3986,-34.0719,329.143,306.731,355.022,151.95,-131.31,467.81,77.07
659,30.0641,-27.6259,320,301.107,355.576,154.788,-73.31,585.81,157.07
660,30.0641,-43.2806,305.778,304.709,350.678,166.555,-108.31,617.81,146.07
661,8.19929,-20.259,326.095,302.526,343.783,174.511,-183.31,818.81,70.07
662,14.5765,-12.8921,314.921,303.369,340.717,183.303,-68.31,1016.81,132.07
663,13.6655,-18.4173,311.873,305.124,336.66,195.027,-68.31,1035.81,159.07
664,11.8434,-25.7842,295.619,300.16,330.421,206.797,-153.31,1048.81,138.07
665,-10.0214,-39.5971,303.746,300.783,322.625,217.693,-148.31,1119.81,293.07
666,-21.8648,-44.2014,309.841,310.016,317.102,228.551,-389.31,1256.81,452.07
667,-9.11032,-25.7842,297.651,318.568,297.597,239.933,-661.31,1534.81,513.07
668,1.82206,-16.5755,281.397,320.061,287.842,254.762,-816.31,1558.81,294.07
669,-16.3986,-34.0719,285.46,321.465,277.575,258.048,-456.31,1308.81,227.07
670,-40.9964,-49.7266,295.619,323.771,265.034,273.95,-193.31,1210.81,240.07
671,-41.9075,-44.2014,300.698,319.782,259.947,280.864,-84.31,1325.81,312.07
672,-35.5303,-46.964,282.413,323.881,245.738,293.948,-228.31,1357.81,326.07
673,-51.9288,-34.0719,292.571,329.155,237.586,295.249,-331.31,1189.81,213.07
674,-53.7509,-23.0216,284.444,330.493,225.21,305.358,-213.31,1066.81,247.07
675,-60.1281,-51.5683,273.27,333.918,216.548,318.229,-106.31,947.81,265.07
676,-81.0818,-55.2518,290.54,325.939,207.76,319.48,-38.31,811.81,233.07
677,-91.1032,-40.518,299.683,325.345,194.291,331.547,68.69,817.81,339.07
678,-81.9929,-32.2302,287.492,328.866,188.81,333.7,63.69,796.81,282.07
679,-86.548,-34.9928,279.365,326.607,179.91,345.585,50.69,693.81,253.07
680,-95.6584,-34.0719,283.429,329.083,172.589,345.876,107.69,654.81,300.07
681,-105.68,-47.8849,289.524,329.338,157.371,356.086,97.69,674.81,320.07
682,-100.214,-42.3597,279.365,321.503,151.31,359.162,108.69,717.81,294.07
683,-110.235,-36.8345,283.429,316.438,143.311,368.106,107.69,663.81,161.07
684,-112.057,-30.3885,282.413,319.579,129.161,378.293,275.69,717.81,300.07
685,-111.146,-32.2302,269.206,320.323,124.301,385.225,329.69,769.81,359.07
686,-119.345,-38.6763,263.111,312.078,109.85,388.614,182.69,753.81,292.07
687,-135.744,-38.6763,272.254,310.642,99.4461,391.89,-105.31,976.81,242.07
688,-124.811,-23.9424,260.064,309.811,81.4207,401.237,-81.31,1150.81,237.07
689,-122.989,-30.3885,245.841,304.679,72.6992,404.428,84.69,1076.81,244.07
690,-140.299,-39.5971,248.889,302.845,53.801,410.911,141.69,1051.81,262.07
691,-153.053,-41.4389,252.952,302.806,33.1993,415.543,134.69,1207.81,372.07
692,-153.964,-19.3381,251.937,302.047,17.2129,419.996,-13.31,1451.81,317.07
693,-163.075,-34.9928,235.683,296.195,-6.49296,425.675,-73.31,1603.81,159.07
694,-173.096,-41.4389,223.492,287.908,-21.9109,430.065,671.69,1623.81,392.07
695,-154.875,9.20863,239.746,268.219,-58.4411,438.078,1005.69,1744.81,641.07
696,-166.719,-4.60432,215.365,265.654,-72.6192,441.489,316.69,1853.81,348.07
697,-174.007,-20.259,184.889,262.365,-100.36,433.847,-484.31,1913.81,17.07
698,-176.74,-23.0216,174.73,271.417,-126.474,423.322,-935.31,1816.81,-104.93
699,-167.63,-5.52518,149.333,285.009,-137.735,419.006,-677.31,1656.81,-117.93
700,-177.651,-17.4964,144.254,284.26,-152.44,413.776,-346.31,1373.81,-166.93
701,-201.338,-22.1007,150.349,274.187,-164.873,410.335,-226.31,1217.81,98.07
702,-216.826,-34.0719,153.397,274.95,-186.769,400.568,-266.31,1376.81,418.07
703,-200.427,-8.28777,144.254,280.169,-195.748,399.009,-242.31,1481.81,170.07
704,-204.071,-6.44604,129.016,277.732,-205.674,387.808,-218.31,1111.81,-133.93
705,-223.203,-29.4676,132.064,280.91,-217.435,383.453,-346.31,1010.81,-118.93
706,-215.004,-13.813,119.873,288.137,-223.317,376.007,-420.31,970.81,-73.93
707,-232.313,-14.7338,135.111,294.004,-237.599,367.908,-357.31,942.81,5.07
708,-235.046,-20.259,140.19,289.06,-241.275,360.312,-316.31,987.81,81.07
709,-234.135,-10.1295,133.079,291.05,-257.603,352.268,-15.31,1150.81,157.07
710,-264.199,-23.0216,154.413,287.79,-266.024,349.677,225.69,1244.81,144.07
711,-239.601,-4.60432,121.905,283.741,-288.766,331.244,-82.31,1690.81,89.07
712,-237.779,-6.44604,104.635,279.551,-296.021,320.896,-482.31,1872.81,-288.93
713,-227.758,-3.68345,84.3175,287.887,-316.167,298.58,-360.31,1934.81,-351.93
714,-235.957,-10.1295,83.3016,291.625,-333.745,276.141,-360.31,1979.81,-141.93
715,-231.402,-25.7842,64,288.462,-338.985,262.833,-334.31,1979.81,70.07
716,-200.427,-13.813,23.3651,282.831,-355.223,242.218,-109.31,1891.81,34.07
717,-194.05,0,2.03175,291.005,-361.059,234.776,100.69,1528.81,60.07
718,-222.292,-10.1295,14.2222,285.556,-373.568,214.021,137.69,1755.81,70.07
719,-216.826,-25.7842,-4.06349,276.842,-376.215,198.657,-128.31,1761.81,-87.93
720,-204.982,-33.1511,-44.6984,285.534,-388.834,174.132,-417.31,1734.81,-80.93
721,-211.359,-19.3381,-42.6667,285.596,-386.69,166.344,-546.31,1386.81,-70.93
722,-204.982,-7.36691,-43.6825,284.13,-395.428,149.323,-119.31,911.81,98.07
723,-241.423,-15.6547,-28.4444,282.686,-404.376,138.091,211.69,945.81,187.07
724,-257.822,-23.0216,-19.3016,280.767,-404.223,131.33,234.69,1200.81,151.07
725,-234.135,-11.0504,-43.6825,280.524,-407.357,115.068,112.69,1225.81,-120.93
726,-232.313,-14.7338,-46.7302,274.759,-408.178,104.469,3.69,1257.81,-170.93
727,-235.046,-24.8633,-55.873,279.246,-411.05,87.2597,-11.31,1272.81,-68.93
728,-219.559,-22.1007,-75.1746,280.915,-414.269,75.8289,-108.31,1246.81,-12.93
729,-209.537,-16.5755,-80.254,276.026,-415.732,58.5143,-52.31,1202.81,48.07
730,-204.982,-15.6547,-91.4286,272.901,-419.97,43.2412,62.69,1221.81,20.07
731,-194.961,-17.4964,-94.4762,276.736,-417.505,31.608,-94.31,1313.81,-118.93
732,-176.74,-5.52518,-119.873,277.782,-412.927,9.28129,-246.31,1304.81,-204.93
733,-190.406,-19.3381,-118.857,271.933,-415.682,0.681311,33.69,1140.81,-92.93
734,-189.495,-17.4964,-119.873,276.037,-407.589,-12.1263,-77.31,1035.81,-256.93
735,-189.495,-19.3381,-126.984,280.644,-408.876,-21.6866,-184.31,969.81,-252.93
736,-191.317,-22.1007,-129.016,280.779,-404.693,-34.3689,-199.31,864.81,-155.93
737,-189.495,-22.1007,-124.952,274.919,-407.344,-45.8633,-326.31,761.81,-94.93
738,-183.117,-15.6547,-121.905,277.853,-403.991,-57.535,-245.31,644.81,-147.93
739,-184.939,-10.1295,-119.873,277.901,-401.708,-69.1826,-122.31,533.81,-37.93
740,-177.651,-0.920863,-125.968,270.453,-399.17,-72.2105,-190.31,591.81,44.07
741,-168.541,-5.52518,-126.984,273.326,-396.611,-87.7065,-327.31,908.81,-220.93
742,-162.164,-24.8633,-132.064,278.073,-395.137,-96.4068,-68.31,897.81,-140.93
743,-152.142,-28.5468,-147.302,275.292,-393.094,-105.171,33.69,755.81,-17.93
744,-153.964,-20.259,-132.064,265.803,-393.339,-110.995,138.69,463.81,187.07
745,-149.409,-19.3381,-140.19,264.828,-393.105,-118.717,7.69,484.81,138.07
746,-135.744,-22.1007,-152.381,261.945,-392.823,-130.306,-106.31,584.81,100.07
747,-136.655,-16.5755,-150.349,262.123,-389.059,-131.41,163.69,669.81,252.07
748,-133.922,-19.3381,-154.413,257.354,-388.937,-141.076,96.69,673.81,79.07
749,-133.011,-36.8345,-168.635,263.149,-385.658,-146.949,144.69,682.81,145.07
750,-137.566,-37.7554,-164.571,264.116,-384.436,-153.734,53.69,578.81,227.07
751,-129.367,-23.0216,-160.508,251.022,-381.134,-159.712,-33.31,550.81,214.07
752,-117.523,-12.8921,-168.635,247.2,-380.967,-169.375,-72.31,552.81,189.07
753,-116.612,-13.813,-169.651,253.879,-379.786,-167.455,-23.31,515.81,166.07
754,-108.413,-15.6547,-182.857,248.254,-377.845,-177.195,87.69,443.81,208.07
755,-110.235,-22.1007,-181.841,243.597,-376.069,-181.142,98.69,443.81,263.07
756,-111.146,-11.9712,-179.81,247.397,-374.64,-189.845,-24.31,340.81,167.07
757,-99.3025,-2.76259,-190.984,240.634,-377.755,-189.766,-33.31,262.81,106.07
758,-91.1032,-0.920863,-194.032,239.774,-375.901,-190.804,-33.31,180.81,102.07
759,-88.3701,2.76259,-194.032,233.371,-371.523,-191.969,-72.31,6.81,16.07
760,-91.1032,8.28777,-192,237.983,-374.232,-187.987,-12.31,-86.19,-2.93
761,-92.9253,2.76259,-201.143,239.816,-374.934,-191.804,3.69,-160.19,21.07
762,-97.4804,4.60432,-201.143,236.142,-373.461,-186.099,-115.31,-301.19,-84.93
763,-78.3488,14.7338,-223.492,232.044,-380.238,-183.939,-172.31,-504.19,-118.93
764,-57.395,21.1799,-248.889,240.38,-384.909,-172.155,-233.31,-901.19,-209.93
765,-58.306,12.8921,-236.698,238.568,-384.417,-162.549,-740.31,-1512.19,-557.93
766,-54.6619,18.4173,-218.413,246.891,-390.334,-142.046,-790.31,-2177.19,-653.93
767,-116.612,4.60432,-136.127,254.113,-398.919,-126.266,-825.31,-2527.19,-716.93
768,-136.655,18.4173,-116.825,265.668,-397.522,-98.3132,-725.31,-2464.19,-965.93
769,-143.943,21.1799,-118.857,268.474,-399.809,-82.7956,-865.31,-2602.19,-1275.93
770,-133.922,22.1007,-123.937,285.029,-392.522,-56.9643,-771.31,-2615.19,-1415.93
771,-163.075,-11.0504,-95.4921,310.37,-380.55,-20.6625,-561.31,-2554.19,-1348.93
772,-201.338,-65.3813,-42.6667,320.156,-374.956,-8.29379,-363.31,-2517.19,-1411.93
773,-216.826,-63.5396,-26.4127,332.184,-364.413,24.1335,14.69,-2413.19,-949.93
774,-209.537,-57.0935,-54.8571,337.175,-361.19,44.2727,678.69,-2462.19,-339.93
775,-205.893,-51.5683,-65.0159,343.575,-350.057,78.5731,528.69,-2494.19,-381.93
776,-206.804,-45.1223,-44.6984,348.821,-341.067,93.6786,-143.31,-2567.19,-635.93
777,-241.423,-70.9065,34.5397,358.417,-322.271,125.781,-158.31,-2637.19,-575.93
778,-237.779,-51.5683,60.9524,365.868,-307.981,151.297,219.69,-2612.19,-204.93
779,-239.601,-58.0144,40.6349,372.092,-297.874,162.512,124.69,-2533.19,-76.93
780,-252.356,-72.7482,43.6825,384.537,-276.273,172.364,-875.31,-2358.19,-497.93
781,-216.826,-44.2014,50.7937,391.755,-263.837,171.935,-1041.31,-2116.19,-905.93
782,-235.046,-32.2302,120.889,399.559,-241.985,194.277,-40.31,-2339.19,-574.93
783,-242.335,-35.9137,133.079,398.292,-230.308,203.464,235.69,-2310.19,-299.93
784,-229.58,-57.0935,102.603,407.234,-203.401,215.987,38.69,-2084.19,-650.93
785,-190.406,-66.3022,65.0159,417.363,-190.14,222.287,-286.31,-2131.19,-1022.93
786,-182.206,-61.6978,124.952,431.433,-154.477,230.654,-15.31,-2409.19,-1083.93
787,-214.093,-67.223,180.825,433.2,-119.439,239.94,377.69,-2483.19,-820.93
788,-202.249,-89.3237,151.365,428.265,-104.972,244.183,425.69,-2765.19,-615.93
789,-184.028,-129.842,133.079,439.345,-72.1016,248.785,-2.31,-2785.19,-519.93
790,-180.384,-134.446,164.571,443.094,-53.3221,248.097,-384.31,-2667.19,-636.93
791,-183.117,-114.187,205.206,447.413,-22.215,241.166,-137.31,-2612.19,-540.93
792,-172.185,-96.6907,213.333,447.148,-8.27809,240.639,195.69,-2833.19,-444.93
793,-153.053,-93.9281,214.349,446.588,18.5238,243.478,569.69,-3013.19,-284.93
794,-138.477,-104.058,221.46,444.105,45.5142,238.591,469.69,-2986.19,-52.93
795,-126.633,-116.029,228.571,445.859,62.4433,235.071,238.69,-2866.19,-291.93
796,-93.8363,-72.7482,242.794,434.827,89.304,222.434,256.69,-2961.19,-345.93
797,-86.548,-59.8561,283.429,442.213,105.609,218.006,624.69,-3350.19,-285.93
798,-63.7722,-97.6115,270.222,432.91,128.657,210.339,667.69,-3221.19,-311.93
799,-35.5303,-91.1655,269.206,427.751,139.815,203.145,628.69,-3158.19,-271.93
800,-13.6655,-97.6115,272.254,424.983,162.703,182.996,437.69,-3126.19,-406.93
801,-13.6655,-80.1151,283.429,424.633,176.092,171.891,339.69,-3136.19,-472.93
802,21.8648,-35.9137,306.794,417.765,192.239,152.937,669.69,-3243.19,-191.93
803,42.8185,-51.5683,295.619,416.44,205.862,134.109,517.69,-3241.19,-186.93
804,14.5765,-112.345,308.825,418.552,212.07,119.434,593.69,-3336.19,-217.93
805,41.9075,-112.345,296.635,413.994,218.379,93.1571,324.69,-3111.19,-173.93
806,77.4377,-50.6475,288.508,406.371,218.504,79.6211,-229.31,-2469.19,-91.93
807,101.125,-0.920863,283.429,410.204,222.356,55.4104,-147.31,-2609.19,-272.93
808,134.833,-12.8921,261.079,401.844,225.885,49.4495,686.69,-2949.19,-249.93
809,152.142,-59.8561,234.667,404.375,222.164,27.4444,466.69,-3149.19,-85.93
810,118.434,-71.8273,269.206,401.438,222.971,1.38381,84.69,-3207.19,-167.93
811,124.811,-49.7266,286.476,404.874,216.942,-7.04057,48.69,-2870.19,-267.93
812,172.185,-47.8849,238.73,398.147,217.602,-34.0803,-392.31,-2531.19,-460.93
813,198.605,-55.2518,202.159,386.758,217.336,-41.8418,33.69,-2818.19,-697.93
814,181.295,-58.0144,206.222,377.991,213.827,-59.1009,286.69,-3080.19,-805.93
815,172.185,-64.4604,204.19,382.738,215.301,-67.8011,159.69,-3028.19,-638.93
816,198.605,-43.2806,182.857,373.891,209.823,-82.0959,-151.31,-2553.19,-291.93
817,208.626,-27.6259,169.651,372.692,205.361,-88.6785,-71.31,-2367.19,-254.93
818,215.004,-33.1511,145.27,373.061,194.535,-96.9389,159.69,-2304.19,-48.93
819,217.737,-63.5396,115.81,370.802,188.373,-109.244,135.69,-2344.19,-207.93
820,213.181,-49.7266,105.651,359.319,186.278,-117.901,-110.31,-2386.19,-555.93
821,222.292,-34.9928,111.746,353.197,177.93,-126.291,-58.31,-2269.19,-166.93
822,225.025,-34.9928,125.968,357.749,174.429,-126.133,-91.31,-2069.19,-25.93
823,240.512,-42.3597,99.5556,349.681,165.128,-136.425,-165.31,-1907.19,-71.93
824,234.135,-21.1799,91.4286,341.912,161.175,-140.174,-149.31,-1640.19,-118.93
825,227.758,-31.3094,79.2381,346.351,156.019,-145.735,184.69,-1573.19,-34.93
826,219.559,-60.777,48.7619,343.241,150.255,-144.571,17.69,-1435.19,-151.93
827,220.47,-38.6763,34.5397,339.43,150.318,-151.339,148.69,-1385.19,-130.93
828,241.423,-30.3885,3.04762,336.411,146.418,-150.245,299.69,-1486.19,-49.93
829,223.203,-43.2806,-3.04762,344.711,142.096,-148.109,296.69,-1411.19,-19.93
830,223.203,-31.3094,10.1587,338.888,139.097,-149.955,-7.31,-1201.19,-145.93
831,227.758,-24.8633,0,325.707,140.499,-154.899,-346.31,-904.19,-319.93
832,218.648,-23.0216,-18.2857,325.514,136.876,-157.654,-235.31,-1035.19,-344.93
833,215.004,-23.0216,-2.03175,326.43,135.849,-153.756,105.69,-982.19,143.07
834,207.715,-31.3094,-2.03175,323.412,131.949,-152.663,126.69,-843.19,-66.93
835,218.648,-23.0216,-10.1587,316.55,127.04,-154.443,-254.31,-592.19,-107.93
836,215.915,-24.8633,2.03175,322.098,124.481,-153.351,-219.31,-408.19,36.07
837,220.47,-17.4964,5.07937,318.011,117.6,-148.297,-59.31,-195.19,314.07
838,228.669,-34.9928,-17.2698,316.148,118.581,-152.199,111.69,-65.19,459.07
839,225.936,-46.0432,-20.3175,310.933,107.925,-147.008,-81.31,83.81,401.07
840,223.203,-33.1511,-11.1746,316.673,108.99,-143.162,-395.31,211.81,265.07
841,223.203,-10.1295,4.06349,306.895,101.941,-141.024,-351.31,370.81,244.07
842,224.114,-13.813,1.01587,308.802,101.892,-137.158,180.69,266.81,256.07
843,231.402,-45.1223,-27.4286,312.334,96.3062,-132.11,229.69,236.81,200.07
844,233.224,-59.8561,-33.5238,312.939,88.6848,-126.038,56.69,312.81,292.07
845,220.47,-54.3309,15.2381,309.208,89.3303,-123.193,-16.31,456.81,417.07
846,228.669,-33.1511,34.5397,309.851,82.7109,-119.085,71.69,740.81,429.07
847,236.868,-37.7554,24.381,316.318,79.0909,-113.132,131.69,899.81,401.07
848,241.423,-52.4892,26.4127,317.809,70.7226,-110.88,108.69,1134.81,406.07
849,231.402,-66.3022,47.746,308.922,62.8911,-111.598,84.69,1325.81,531.07
850,227.758,-69.0648,46.7302,313.983,49.939,-106.263,102.69,1641.81,658.07
851,233.224,-82.8777,46.7302,315.408,40.8481,-109.766,-240.31,1870.81,892.07
852,248.712,-85.6403,60.9524,314.079,33.5201,-114.314,-547.31,2136.81,982.07
853,287.886,-22.1007,73.1429,311.018,30.0394,-124.798,-311.31,2249.81,811.07
854,274.221,-16.5755,88.381,317.596,29.4604,-125.703,191.69,1937.81,650.07
855,237.779,-50.6475,122.921,331.949,34.1504,-133.507,423.69,2131.81,669.07
856,220.47,-93.9281,113.778,327.062,31.3013,-138.244,91.69,2639.81,693.07
857,221.381,-116.029,98.5397,334.244,44.0869,-148.322,-85.31,2791.81,1077.07
858,220.47,-108.662,138.159,346.041,54.1286,-153.452,-84.31,2772.81,1226.07
859,200.427,-107.741,180.825,351.194,62.6405,-150.854,-57.31,2995.81,1117.07
860,193.139,-112.345,206.222,367.327,84.0151,-155.424,-130.31,3290.81,1135.07
861,226.847,-118.791,155.429,370.321,86.7732,-150.694,-198.31,3353.81,1267.07
862,196.783,-118.791,175.746,381.523,101.594,-134.812,196.69,3052.81,1335.07
863,168.541,-105.899,198.095,383.844,109.9,-130.295,495.69,3005.81,1165.07
864,146.676,-95.7698,221.46,397.841,122.538,-101.79,905.69,2942.81,1025.07
865,155.786,-114.187,213.333,409.51,128.327,-92.3085,601.69,2905.81,891.07
866,140.299,-121.554,215.365,413.87,136.678,-60.8048,572.69,2867.81,799.07
867,126.633,-102.216,218.413,430.212,139.164,-30.9396,601.69,2771.81,717.07
868,92.9253,-100.374,231.619,432.229,139.419,-9.74164,1045.69,2501.81,746.07
869,72.8826,-91.1655,234.667,440.04,141.601,17.1969,894.69,2310.81,439.07
870,59.2171,-76.4317,238.73,439.378,145.657,32.4555,518.69,2138.81,-101.93
871,38.2633,-69.0648,266.159,442.766,154.207,57.202,758.69,1914.81,-353.93
872,51.0178,-60.777,265.143,444.814,155.533,74.5058,978.69,1855.81,-437.93
873,50.1068,-90.2446,227.556,448.202,164.083,99.2522,537.69,1985.81,-568.93
874,34.6192,-87.482,219.429,440.917,167.786,115.451,67.69,1794.81,-772.93
875,11.8434,-58.0144,251.937,441.945,168.414,125.067,627.69,1301.81,-968.93
876,-14.5765,-16.5755,310.857,428.712,184.43,152.329,863.69,1197.81,-1218.93
877,53.7509,-9.20863,337.27,418.249,199.895,172.883,1964.69,1234.81,-2408.93
878,66.5053,-73.6691,265.143,391.128,220.437,210.495,1062.69,1919.81,-2668.93
879,24.5979,-100.374,248.889,393.254,223.768,223.869,555.69,1741.81,-2238.93
880,-2.7331,-134.446,227.556,378.88,237.501,235.795,-338.31,1405.81,-2360.93
881,-21.8648,-105.899,257.016,367.902,244.238,240.297,-59.31,1107.81,-1986.93
882,-14.5765,-83.7986,258.032,357.95,252.99,241.838,-364.31,665.81,-1809.93
883,0.911032,-43.2806,290.54,344.611,268.667,252.733,468.69,228.81,-1837.93
884,-29.153,-93.9281,285.46,337.506,277.485,256.214,29.69,107.81,-1693.93
885,-50.1068,-98.5324,317.968,334.104,284.551,261.709,324.69,40.81,-1322.93
886,-34.6192,-115.108,280.381,327.363,281.227,267.578,-30.31,553.81,-1012.93
887,-24.5979,-76.4317,281.397,317.38,288.907,273.013,-329.31,772.81,-1357.93
888,-32.7972,-75.5108,279.365,320.36,291.805,273.883,-348.31,310.81,-1293.93
889,-49.1957,-95.7698,281.397,301.88,300.217,273.462,-130.31,120.81,-1219.93
890,-28.242,-84.7194,269.206,298.301,303.519,280.062,-281.31,105.81,-901.93
891,-24.5979,-98.5324,257.016,304.201,308.523,277.979,-402.31,275.81,-869.93
892,-7.28826,-72.7482,272.254,299.705,312.851,280.681,-452.31,308.81,-797.93
893,-13.6655,-90.2446,272.254,299.649,312.024,277.821,-123.31,248.81,-643.93
894,-29.153,-116.95,264.127,296.94,313.368,288.354,-100.31,191.81,-672.93
895,-22.7758,-114.187,261.079,289.621,318.771,283.291,-237.31,47.81,-623.93
896,-13.6655,-96.6907,276.317,290.938,326.204,284.945,-439.31,-74.19,-672.93
897,-30.0641,-100.374,305.778,293.719,325.548,281.132,-412.31,10.81,-700.93
898,-49.1957,-138.13,294.603,297.516,325.625,284.04,-248.31,284.81,-456.93
899,-44.6406,-151.942,293.587,302.044,320.982,290.022,-548.31,638.81,-76.93
900,-30.9751,-150.101,274.286,297.258,319.893,288.109,-1063.31,908.81,-270.93
901,-57.395,-170.36,282.413,308,307.213,293.465,-1232.31,1076.81,-29.93
902,-43.7295,-126.158,300.698,319.2,303.821,299.437,-1466.31,1403.81,43.07
903,-53.7509,-108.662,316.952,329.56,283.859,300.249,-1640.31,1569.81,11.07
904,-51.0178,-95.7698,301.714,343.145,271.281,306.58,-1559.31,1762.81,97.07
905,-61.0391,-130.763,269.206,358.271,251.232,316.093,-1458.31,2028.81,181.07
906,-69.2384,-172.201,252.952,375.565,218.618,316.458,-1723.31,2282.81,407.07
907,-51.9288,-116.029,244.825,376.574,199.822,323.917,-1670.31,2466.81,390.07
908,-63.7722,-154.705,205.206,395.091,172.812,325.04,-1408.31,2374.81,-38.93
909,-101.125,-190.619,173.714,401.952,158.121,329.487,-1018.31,2192.81,192.07
910,-92.9253,-135.367,196.064,408.161,130.52,330.564,-1053.31,2288.81,164.07
911,-102.947,-140.892,189.968,418.598,112.562,327.447,-1884.31,2451.81,-52.93
912,-96.5694,-134.446,170.667,445.522,85.6929,310.306,-2068.31,2573.81,-127.93
913,-84.726,-122.475,115.81,451.564,75.2095,300.137,-2329.31,2523.81,-319.93
914,-75.6157,-116.029,74.1587,460.364,64.2797,280.366,-1534.31,1990.81,-497.93
915,-93.8363,-131.683,62.9841,468.565,59.5501,268.066,-1256.31,1527.81,-657.93
916,-127.544,-170.36,77.2064,483.551,57.7255,261.474,-1289.31,1528.81,-529.93
917,-114.79,-141.813,90.4127,491.737,53.1356,245.314,-1082.31,1729.81,-444.93
918,-111.146,-152.863,72.127,495.314,49.8683,237.75,-1138.31,1590.81,-747.93
919,-126.633,-207.194,38.6032,507.609,51.9504,222.325,-1127.31,1298.81,-566.93
920,-112.057,-205.353,20.3175,513.204,51.6753,211.768,-911.31,1110.81,-705.93
921,-139.388,-164.835,31.4921,519.948,56.351,194.287,-937.31,1105.81,-683.93
922,-111.146,-246.791,18.2857,525.422,53.1396,187.695,-890.31,885.81,-572.93
923,-119.345,-237.583,-1.01587,529.299,55.1858,187.639,-260.31,720.81,-150.93
924,-119.345,-226.532,11.1746,535.971,56.4362,187.629,-64.31,638.81,-332.93
925,-111.146,-233.899,-8.12698,532.172,55.0078,196.333,531.69,449.81,-117.93
926,-99.3025,-237.583,-13.2064,528.239,50.7479,206.107,811.69,180.81,22.07
927,-90.1922,-222.849,-13.2064,524.599,53.2578,208.882,189.69,105.81,-138.93
928,-108.413,-229.295,9.14286,520.938,55.9772,205.868,-126.31,70.81,-258.93
929,-109.324,-225.612,13.2064,532.207,54.6584,205.981,-112.31,2.81,12.07
930,-104.769,-230.216,0,532.109,52.864,204.121,-47.31,-168.19,101.07
931,-95.6584,-226.532,-7.11111,533.915,51.0556,205.163,-165.31,-492.19,40.07
932,-105.68,-247.712,-30.4762,526.349,50.6221,207.064,317.69,-528.19,437.07
933,-105.68,-228.374,-2.03175,521.525,48.5305,207.116,64.69,-425.19,364.07
934,-101.125,-209.036,5.07937,526.433,52.5563,205.065,-318.31,-462.19,-166.93
935,-90.1922,-211.799,-19.3016,525.794,59.1407,201.922,-156.31,-770.19,-106.93
936,-92.9253,-220.086,-24.381,525.957,63.044,196.958,71.69,-1025.19,366.07
937,-119.345,-232.978,7.11111,524.958,62.1363,195.06,-223.31,-810.19,493.07
938,-112.968,-225.612,0,527.595,58.7536,189.422,-285.31,-731.19,620.07
939,-112.057,-212.719,3.04762,521.82,56.6515,188.505,-361.31,-932.19,689.07
940,-105.68,-201.669,-1.01587,524.355,51.5093,180.042,-255.31,-1284.19,808.07
941,-112.057,-221.007,7.11111,525.218,49.6206,182.046,-85.31,-1636.19,977.07
942,-121.167,-210.878,31.4921,519.32,45.9686,172.516,-256.31,-1904.19,1285.07
943,-115.701,-185.094,45.7143,519.669,33.9659,171.044,-311.31,-2088.19,1420.07
944,-107.502,-170.36,34.5397,519.647,34.1755,165.255,-385.31,-2394.19,1083.07
945,-122.989,-198.906,41.6508,517.736,34.2593,160.424,182.69,-2907.19,914.07
946,-124.811,-209.957,56.8889,509.628,42.2046,161.042,320.69,-2977.19,1180.07
947,-127.544,-201.669,67.0476,506.648,39.3067,160.171,311.69,-2908.19,1304.07
948,-128.456,-186.935,86.3492,510.945,30.0377,165.362,349.69,-3048.19,1855.07
949,-122.989,-179.568,119.873,501.215,4.2857,171.097,583.69,-3292.19,2721.07
950,-122.989,-141.813,163.556,496.035,-5.33303,173.358,561.69,-2937.19,2738.07
951,-131.189,-89.3237,209.27,485.019,-17.8463,170.879,176.69,-2611.19,1953.07
952,-110.235,-61.6978,174.73,485.959,-17.731,168.953,-612.31,-2681.19,1155.07
953,-108.413,-76.4317,175.746,478.717,-10.323,159.961,-71.31,-3129.19,1208.07
954,-102.036,-107.741,171.683,476.669,-13.0357,155.235,50.69,-3283.19,1533.07
955,-119.345,-125.237,201.143,475.613,-14.7708,150.477,83.69,-2973.19,1420.07
956,-111.146,-104.978,220.444,472.566,-18.3913,143.852,-24.31,-2849.19,1338.07
957,-102.947,-99.4532,232.635,466.774,-20.3187,138.112,-244.31,-2671.19,1217.07
958,-89.2811,-91.1655,232.635,456.537,-15.6689,124.391,-511.31,-2716.19,575.07
959,-103.858,-108.662,251.937,457.77,-8.78398,115.466,-367.31,-2845.19,518.07
960,-96.5694,-110.504,268.19,447.404,-7.00051,103.779,-414.31,-2584.19,912.07
961,-81.0818,-88.4029,283.429,444.161,-14.2099,93.4351,-328.31,-2348.19,915.07
962,-91.1032,-105.899,286.476,437.554,-13.3514,86.6214,-351.31,-2096.19,847.07
963,-91.1032,-137.209,287.492,433.417,-19.7439,78.1684,-518.31,-1728.19,831.07
964,-75.6157,-133.525,281.397,420.04,-21.9302,69.5048,-488.31,-1413.19,964.07
965,-57.395,-98.5324,296.635,410.052,-32.429,64.0643,-429.31,-1351.19,1058.07
966,-59.2171,-87.482,312.889,412.643,-36.7437,58.4609,-351.31,-1178.19,1034.07
967,-40.9964,-113.266,283.429,400.059,-42.8927,57.6591,-362.31,-833.19,932.07
968,-46.4626,-119.712,274.286,392.059,-51.4711,53.1208,-382.31,-801.19,1213.07
969,-42.8185,-106.82,281.397,388.006,-57.3158,55.2457,-262.31,-732.19,1095.07
970,-47.3737,-104.978,289.524,379.081,-66.1493,56.4926,-230.31,-534.19,1017.07
971,-42.8185,-103.137,280.381,373.373,-67.5289,61.3301,-300.31,-450.19,899.07
972,-32.7972,-96.6907,274.286,365.436,-75.3498,61.5809,-62.31,-403.19,865.07
973,-18.2206,-77.3525,274.286,364.64,-72.7385,65.3317,-102.31,-288.19,771.07
974,-11.8434,-83.7986,265.143,360.447,-81.3447,66.5966,-126.31,-176.19,736.07
975,-8.19929,-65.3813,275.302,348.912,-85.6887,68.6229,-179.31,-67.19,675.07
976,0,-58.0144,281.397,349.995,-82.8468,68.5217,-302.31,51.81,396.07
977,10.0214,-58.0144,274.286,351.811,-83.3736,59.8806,-401.31,181.81,-2.93
978,9.11032,-70.9065,278.349,353.038,-77.8051,61.6041,-371.31,82.81,-218.93
979,2.7331,-65.3813,293.587,347.556,-73.1376,53.6895,-175.31,129.81,-503.93
980,7.28826,-34.0719,313.905,358.148,-68.874,52.6244,-289.31,260.81,-806.93
981,7.28826,-38.6763,311.873,357.631,-59.3533,45.5178,36.69,244.81,-1134.93
982,-13.6655,-66.3022,321.016,357.09,-50.9744,44.235,328.69,239.81,-1236.93
983,-26.4199,-101.295,323.048,358.617,-38.7062,40.89,330.69,346.81,-1320.93
984,-29.153,-104.978,312.889,370.575,-26.1125,42.4085,225.69,693.81,-1716.93
985,-20.0427,-71.8273,309.841,372.413,-7.24922,36.8893,202.69,1008.81,-2107.93
986,-8.19929,-77.3525,294.603,387.897,19.4283,38.8594,326.69,1165.81,-2631.93
987,13.6655,-106.82,275.302,393.463,36.2946,42.1077,729.69,1188.81,-2579.93
988,10.9324,-159.309,215.365,401.325,61.7112,43.1192,285.69,926.81,-2403.93
989,-9.11032,-151.022,220.444,398.22,75.5117,42.5808,33.69,549.81,-1955.93
990,-30.9751,-126.158,250.921,399.398,99.7827,40.7077,-217.31,794.81,-1944.93
991,-63.7722,-97.6115,280.381,407.559,112.299,39.3174,-269.31,1055.81,-2317.93
992,-49.1957,-104.978,274.286,407.84,137.422,38.3706,-197.31,1297.81,-2314.93
993,-7.28826,-141.813,234.667,400.768,165.525,47.8682,39.69,1135.81,-2184.93
994,7.28826,-148.259,213.333,404.067,174.948,48.4945,82.69,1176.81,-2205.93
995,-2.7331,-134.446,232.635,405.63,206.467,52.1307,-525.31,1200.81,-2482.93
996,-1.82206,-119.712,241.778,398.895,224.059,44.6846,-637.31,965.81,-2411.93
997,1.82206,-119.712,247.873,393.321,245.11,45.7856,-346.31,386.81,-1918.93
998,-20.0427,-131.683,283.429,392.58,249.935,39.8185,-750.31,445.81,-1436.93
999,-24.5979,-161.151,269.206,390.744,270.272,40.004,-1270.31,1249.81,-1373.93
1000,-20.9537,-195.223,232.635,383.341,273.741,36.9412,-1259.31,1552.81,-1036.93
1001,1.82206,-185.094,216.381,391.709,289.742,42.1648,-1179.31,1541.81,-1088.93
1002,20.9537,-163.914,203.175,382.023,304.156,41.5664,-889.31,1063.81,-1482.93
1003,17.3096,-171.281,199.111,375.736,310.154,47.0856,-547.31,565.81,-1558.93
1004,-1.82206,-193.381,185.905,364.46,331.142,42.3763,-183.31,375.81,-1623.93
1005,12.7544,-187.856,202.159,362.892,337.506,44.0542,-646.31,420.81,-1446.93
1006,14.5765,-177.727,201.143,357.883,351.321,40.6142,-836.31,413.81,-1538.93
1007,13.6655,-171.281,199.111,343.149,358.948,41.2072,-308.31,304.81,-1391.93
1008,15.4875,-159.309,202.159,335.125,368.827,39.8259,178.69,205.81,-1173.93
1009,26.4199,-164.835,209.27,340.373,379.169,43.3187,150.69,192.81,-1169.93
1010,31.8861,-166.676,208.254,324.497,381.775,52.7661,162.69,272.81,-1183.93
1011,28.242,-177.727,202.159,314.786,395.048,57.9915,135.69,333.81,-1150.93
1012,32.7972,-182.331,198.095,316.778,396.933,59.8584,-7.31,400.81,-1149.93
1013,40.0854,-182.331,200.127,311.707,408.604,64.2068,21.69,372.81,-1027.93
1014,40.9964,-178.647,210.286,301.531,412.66,66.8871,110.69,244.81,-847.93
1015,45.5516,-180.489,213.333,289.64,420.388,68.4557,76.69,203.81,-901.93
1016,37.3523,-174.043,225.524,293.441,420.43,72.3293,-204.31,316.81,-933.93
1017,49.1957,-154.705,218.413,291.975,428.554,76.8317,-447.31,436.81,-1068.93
1018,65.5943,-150.101,212.317,282.079,438.133,81.232,-337.31,416.81,-1066.93
1019,67.4164,-166.676,209.27,275.467,437.675,85.0662,-123.31,354.81,-950.93
1020,61.9502,-174.964,211.302,272.107,445.708,89.5615,4.69,343.81,-832.93
1021,63.7722,-177.727,200.127,261.949,449.589,97.0658,-42.31,494.81,-812.93
1022,65.5943,-190.619,190.984,258.335,451.854,106.595,6.69,496.81,-670.93
1023,64.6833,-204.432,189.968,264.068,452.99,108.511,71.69,404.81,-546.93
1024,59.2171,-202.59,194.032,258.518,454.197,119.032,-91.31,391.81,-623.93
1025,62.8612,-185.094,193.016,253.041,457.443,124.66,-175.31,266.81,-596.93
1026,63.7722,-187.856,187.937,244.643,459.97,120.664,-67.31,68.81,-463.93
1027,61.9502,-191.54,192,243.605,458.06,120.73,25.69,9.81,-346.93
1028,58.306,-192.46,196.064,243.718,459.715,126.449,117.69,0.809999,-200.93
1029,52.8399,-197.986,194.032,242.044,464.355,124.338,225.69,19.81,-25.93
1030,48.2847,-196.144,203.175,247.501,459.932,125.499,345.69,-60.19,210.07
1031,42.8185,-186.014,211.302,253.006,456.406,127.589,367.69,-57.19,238.07
1032,24.5979,-190.619,226.54,242.649,456.733,130.409,644.69,-140.19,421.07
1033,19.1317,-183.252,234.667,252.857,452.363,136.412,976.69,-139.19,812.07
1034,31.8861,-184.173,206.222,261.989,445.081,144.446,1147.69,-65.19,1085.07
1035,34.6192,-187.856,192,274.998,439.845,152.424,1484.69,-354.19,1719.07
1036,31.8861,-190.619,197.079,293.31,427.564,156.844,1666.69,-525.19,2130.07
1037,38.2633,-178.647,251.937,305.896,414.079,161.278,2025.69,-588.19,2681.07
1038,43.7295,-133.525,268.19,323.161,398.607,175.447,1024.69,176.81,2111.07
1039,30.9751,-134.446,241.778,320.967,391.816,180.509,558.69,495.81,1064.07
1040,42.8185,-137.209,220.444,322.4,381.269,191.513,954.69,-64.19,1178.07
1041,50.1068,-121.554,209.27,332.492,375.279,190.832,1043.69,-343.19,1085.07
1042,27.331,-139.971,215.365,337.111,372.5,196.744,1416.69,-538.19,1126.07
1043,6.37722,-162.072,230.603,336.596,362.386,193.269,1466.69,-693.19,1562.07
1044,16.3986,-142.734,251.937,340.072,355.973,195.457,1265.69,-462.19,1661.07
1045,44.6406,-99.4532,258.032,344.295,346.051,192.965,1045.69,-318.19,1423.07
1046,33.7082,-88.4029,262.095,346.166,346.352,187.183,714.69,-362.19,905.07
1047,18.2206,-62.6187,284.444,346.061,344.627,183.394,628.69,-499.19,775.07
1048,16.3986,-44.2014,290.54,354.211,337.649,181.776,744.69,-507.19,751.07
1049,16.3986,-61.6978,282.413,353.162,335.844,178.948,903.69,-531.19,817.07
1050,11.8434,-84.7194,276.317,356.731,332.647,169.454,673.69,-323.19,668.07
1051,11.8434,-73.6691,282.413,349.214,333.11,172.285,308.69,-118.19,488.07
1052,24.5979,-36.8345,292.571,349.89,328.914,160.885,-16.31,-92.19,349.07
1053,32.7972,-21.1799,296.635,351.05,333.76,156.855,-216.31,-137.19,-19.93
1054,22.7758,-42.3597,285.46,352.809,332.406,145.354,-176.31,-224.19,-65.93
